formula,  group,  P [GPa],  lambda,  w_log [K], mu_star,     Tc [K], reference
 H5S2  ,      1,      100,  1.0786,     902.09, 0.17   ,   49.5486 ,  T. Ishikawa et al. Sci. Rep. 6 23160 (2016).
 H5S2  ,      1,      112,  1.1857,     897.9 , 0.17   ,   58.3099 ,  T. Ishikawa et al. Sci. Rep. 6 23160 (2016).
 H5S2  ,      1,      120,  1.2390,     907.0 , 0.17   ,   63.2085 ,  T. Ishikawa et al. Sci. Rep. 6 23160 (2016).
 H5S2  ,      1,      130,  1.2417,     950.7 , 0.17   ,   66.4768 ,  T. Ishikawa et al. Sci. Rep. 6 23160 (2016).
 H5S2  ,      1,      140,  1.2597,     968.93, 0.17   ,   69.2659 ,  T. Ishikawa et al. Sci. Rep. 6 23160 (2016).
 H5S2  ,      1,      150,  1.3581,     900.87, 0.17   ,   71.8175 ,  T. Ishikawa et al. Sci. Rep. 6 23160 (2016).
 H3S   ,    160,      130,    2.07,     1125.1, 0.13   ,  155      ,  D. Duan et al. Sci. Rep. 4 6968 (2014).
 H3S   ,    160,      130,    2.07,     1125.1, 0.10   ,  166      ,  D. Duan et al. Sci. Rep. 4 6968 (2014).
 H3S   ,    229,      200,    2.19,     1334.6, 0.13   ,  191      ,  D. Duan et al. Sci. Rep. 4 6968 (2014).
 H3S   ,    229,      200,    2.19,     1334.6, 0.10   ,  204      ,  D. Duan et al. Sci. Rep. 4 6968 (2014).
 H3S   ,    229,      250,     ---,       --- , 0.13   ,  184      ,  D. Duan et al. Sci. Rep. 4 6968 (2014).
 H3S   ,    229,      300,     ---,       --- , 0.13   ,  179      ,  D. Duan et al. Sci. Rep. 4 6968 (2014).
 H2S   ,      2,      130,     ---,       --- , 0.13   ,   33.0104 ,  Y. Li et al. J. Chem. Phys. 140 174712 (2014).
 H2S   ,      2,      140,     ---,       --- , 0.13   ,    40     ,  Y. Li et al. J. Chem. Phys. 140 174712 (2014).
 H2S   ,      2,      150,     ---,       --- , 0.13   ,    56.1245,  Y. Li et al. J. Chem. Phys. 140 174712 (2014).
 H2S   ,      2,      158,     ---,       --- , 0.13   ,    60.2076,  Y. Li et al. J. Chem. Phys. 140 174712 (2014).
 H2S   ,     64,      160,     ---,       --- , 0.13   ,    82.1453,  Y. Li et al. J. Chem. Phys. 140 174712 (2014).
 H2S   ,     64,      170,     ---,       --- , 0.13   ,    78.1315,  Y. Li et al. J. Chem. Phys. 140 174712 (2014).
 H2S   ,     64,      180,     ---,       --- , 0.13   ,    68.2353,  Y. Li et al. J. Chem. Phys. 140 174712 (2014).
 H4S3  ,     62,      140,    0.42,       834 , 0.16   ,    0.75   ,  Y. Li et al. PRB 93 020103(R) (2016).
 HS2   ,     15,      200,    0.86,    657.72 , 0.16   ,   23.4    ,  I. Errea et al. PRL 114 157004 (2015).
 HS2   ,     12,      250,    0.75,    624.08 , 0.16   ,   14.9    ,  I. Errea et al. PRL 114 157004 (2015).
 HS    ,     12,      300,    0.78,    861.88 , 0.16   ,   23.4    ,  I. Errea et al. PRL 114 157004 (2015).
 O4H2  ,     58,      100,  0.5649,     800.3 , 0.1    ,   15.1314 ,  By A. Nakanishi
 O4H2  ,     58,      100,  0.5649,     800.3 , 0.13   ,   10.2054 ,  By A. Nakanishi
 O4H2  ,     58,      100,  0.5649,     800.3 , 0.15   ,    7.4740 ,  By A. Nakanishi
 O4H2  ,     58,      200,  0.4816,     990.8 , 0.1    ,   10.3380 ,  By A. Nakanishi
 O4H2  ,     58,      200,  0.4816,     990.8 , 0.13   ,    5.9911 ,  By A. Nakanishi
 O4H2  ,     58,      200,  0.4816,     990.8 , 0.15   ,    3.8353 ,  By A. Nakanishi
 O4H2  ,     58,      250,  0.4774,    1051.7 , 0.1    ,   10.5722 ,  By A. Nakanishi
 O4H2  ,     58,      250,  0.4774,    1051.7 , 0.13   ,    6.0633 ,  By A. Nakanishi
 O4H2  ,     58,      250,  0.4774,    1051.7 , 0.15   ,    3.8448 ,  By A. Nakanishi
 O4H2  ,     58,      300,  0.4524,    1095.0 , 0.1    ,    8.6609 ,  By A. Nakanishi
 O4H2  ,     58,      300,  0.4524,    1095.0 , 0.13   ,    4.6323 ,  By A. Nakanishi
 O4H2  ,     58,      300,  0.4524,    1095.0 , 0.15   ,    2.7546 ,  By A. Nakanishi
 O4H2  ,     58,      500,  0.4696,    1277.6 , 0.1    ,   11.9637 ,  By A. Nakanishi
 O4H2  ,     58,      500,  0.4696,    1277.6 , 0.13   ,    6.7245 ,  By A. Nakanishi
 O4H2  ,     58,      500,  0.4696,    1277.6 , 0.15   ,    4.1863 ,  By A. Nakanishi
 SiH4  ,     64,       70,     ---,       --- , 0.10   ,    74.38  ,  X.-J. Chen et al. Phys. Rev. Lett. 101 077002 (2008).  Fig. 5
 SiH4  ,     64,      150,     ---,       --- , 0.10   ,    20.55  ,  X.-J. Chen et al. Phys. Rev. Lett. 101 077002 (2008).  Fig. 5
 SiH4  ,     64,      200,     ---,       --- , 0.10   ,    27.26  ,  X.-J. Chen et al. Phys. Rev. Lett. 101 077002 (2008).  Fig. 5
 SiH4  ,     64,      250,     ---,       --- , 0.10   ,    50.41  ,  X.-J. Chen et al. Phys. Rev. Lett. 101 077002 (2008).  Fig. 5
 SiH4  ,     15,      300,  0.6821,    1181.2 , 0.13   ,   29.3617 ,  H. Zhang et al. Sci. Rep. 5 8845 (2015).
 SiH4  ,     15,      340,  0.5776,    1363.4 , 0.13   ,   18.2979 ,  H. Zhang et al. Sci. Rep. 5 8845 (2015).
 SiH4  ,     15,      380,  0.5254,    1444.1 , 0.13   ,   13.4043 ,  H. Zhang et al. Sci. Rep. 5 8845 (2015).
 SiH4  ,     14,      400,  0.6612,    1434.7 , 0.13   ,   31.0638 ,  H. Zhang et al. Sci. Rep. 5 8845 (2015).
 SiH4  ,     14,      500,  0.5821,    1581.2 , 0.13   ,   21.9149 ,  H. Zhang et al. Sci. Rep. 5 8845 (2015).
 SiH4  ,     14,      600,  0.5224,    1444.1 , 0.13   ,   21.2766 ,  H. Zhang et al. Sci. Rep. 5 8845 (2015).
 SiH4  ,     12,      610,  1.1791,    1370.9 , 0.13   ,  107.2340 ,  H. Zhang et al. Sci. Rep. 5 8845 (2015).
 SiH4  ,     12,      700,  0.9701,    1979.3 , 0.13   ,   97.6596 ,  H. Zhang et al. Sci. Rep. 5 8845 (2015).
 SiH4  ,     12,      800,  0.8552,    1919.2 , 0.13   ,   84.2553 ,  H. Zhang et al. Sci. Rep. 5 8845 (2015).
 YH3   ,    225,     17.6,  1.4192,     352.9 , 0.10   ,   37.9856 ,  D. Y. Kim et al. PRL 103 077002 (2009). 
 YH3   ,    225,     23.0,  1.1274,     441.2 , 0.10   ,   36.3669 ,  D. Y. Kim et al. PRL 103 077002 (2009).
 YH3   ,    225,     28.9,  0.5562,     500   , 0.10   ,    8.8849 ,  D. Y. Kim et al. PRL 103 077002 (2009).
 YH3   ,    225,     51.9,  0.4630,     780   , 0.10   ,    6.7626 ,  D. Y. Kim et al. PRL 103 077002 (2009).
 YH3   ,    225,     62.1,  0.4466,     825.3 , 0.10   ,    6.1151 ,  D. Y. Kim et al. PRL 103 077002 (2009).
 YH3   ,    225,     67.5,  0.4260,     850.6 , 0.10   ,    4.8561 ,  D. Y. Kim et al. PRL 103 077002 (2009).
 YH3   ,    225,     73.1,  0.4041,     871.2 , 0.10   ,    3.7410 ,  D. Y. Kim et al. PRL 103 077002 (2009).
 YH3   ,    225,     17.6,  1.4192,     352.9 , 0.13   ,   34.4604 ,  D. Y. Kim et al. PRL 103 077002 (2009).
 YH3   ,    225,     23.0,  1.1274,     441.2 , 0.13   ,   31.8705 ,  D. Y. Kim et al. PRL 103 077002 (2009).
 YH3   ,    225,     28.9,  0.5562,     500   , 0.13   ,    5.8633 ,  D. Y. Kim et al. PRL 103 077002 (2009).
 YH3   ,    225,     51.9,  0.4630,     780   , 0.13   ,    3.6691 ,  D. Y. Kim et al. PRL 103 077002 (2009).
 YH3   ,    225,     62.1,  0.4466,     825.3 , 0.13   ,    3.2374 ,  D. Y. Kim et al. PRL 103 077002 (2009).
 YH3   ,    225,     67.5,  0.4260,     850.6 , 0.13   ,    2.3381 ,  D. Y. Kim et al. PRL 103 077002 (2009).
 YH3   ,    225,     73.1,  0.4041,     871.2 , 0.13   ,    1.6187 ,  D. Y. Kim et al. PRL 103 077002 (2009).
 PtH   ,    194,      100,    0.82,     293.6 , 0.10   ,   14.5    ,  I. Errea et al. PRB 89 064302 (2014).
 PtH   ,    194,      100,    0.82,     293.6 , 0.13   ,   11.8    ,  I. Errea et al. PRB 89 064302 (2014).
 PtH   ,    225,       77,     ---,        ---, 0.10   ,   24      ,  D. Y. Kim et al. PRL 107 117002 (2011).
 PtH   ,    225,       85,    0.85,       --- , 0.06   ,   23      ,  C. Zhang et al. J. Phys.: Condens. Matter 24 035701 (2012).
 PtH   ,    225,       85,    0.85,       --- , 0.10   ,   19      ,  C. Zhang et al. J. Phys.: Condens. Matter 24 035701 (2012).
 PtH   ,    194,      105,     ---,        ---, 0.06   ,   16      ,  C. Zhang et al. J. Phys.: Condens. Matter 24 035701 (2012).
 PtH   ,    194,      105,     ---,        ---, 0.10   ,   12      ,  C. Zhang et al. J. Phys.: Condens. Matter 24 035701 (2012).
 RhH   ,    225,      4.8,     ---,        ---, 0.10   ,    2.1    ,  D. Y. Kim et al. PRL 107 117002 (2011).
 PdH   ,    225,      6.6,     ---,        ---, 0.10   ,   20      ,  D. Y. Kim et al. PRL 107 117002 (2011).
 IrH   ,    225,       80,     ---,        ---, 0.10   ,    7      ,  D. Y. Kim et al. PRL 107 117002 (2011).
 AuH   ,    225,      220,     ---,        ---, 0.10   ,   21      ,  D. Y. Kim et al. PRL 107 117002 (2011).
 LiH6  ,    166,      150, 0.6387 ,   1911.9  , 0.13   ,   38.34   ,  Y. Xie et al. Acta Cryst. C70 104 (2014).
 LiH6  ,    166,      200, 0.6488 ,   1952.2  , 0.13   ,   41.17   ,  Y. Xie et al. Acta Cryst. C70 104 (2014).
 LiH6  ,    166,      250, 0.7171 ,   1915.8  , 0.13   ,   54.87   ,  Y. Xie et al. Acta Cryst. C70 104 (2014).
 LiH6  ,    166,      300, 0.8592 ,   1837.2  , 0.13   ,   81.80   ,  Y. Xie et al. Acta Cryst. C70 104 (2014).
 LiH8  ,     97,      100, 0.6353 ,   1576.8  , 0.13   ,   31.04   ,  Y. Xie et al. Acta Cryst. C70 104 (2014).
 LiH8  ,     97,      150, 0.6397 ,   1709.4  , 0.13   ,   34.57   ,  Y. Xie et al. Acta Cryst. C70 104 (2014).
 LiH8  ,     97,      200, 0.6458 ,   1756.2  , 0.13   ,   36.52   ,  Y. Xie et al. Acta Cryst. C70 104 (2014).
 ArH4  ,    139,     1500, 0.9131 ,   1434.92 , 0.13   ,   72.4089 ,  By T. Ishikawa
 ArH4  ,    139,     1600, 0.9068 ,   1425.69 , 0.13   ,   70.9599 ,  By T. Ishikawa
 ArH4  ,    139,     1700, 0.8127 ,   1402.75 , 0.13   ,   55.1061 ,  By T. Ishikawa
 ArH4  ,    139,     1800, 0.7947 ,   1400.56 , 0.13   ,   52.1820 ,  By T. Ishikawa
 ArH4  ,    139,     1900, 0.7929 ,   1403.13 , 0.13   ,   52.0050 ,  By T. Ishikawa
 ArH4  ,    139,     2000, 0.7959 ,   1395.04 , 0.13   ,   52.1661 ,  By T. Ishikawa
 ArH2  ,     12,     1500, 0.8817 ,   1421.73 , 0.13   ,   66.8281 ,  By T. Ishikawa
 ArH2  ,     12,     1600, 0.8926 ,   1320.38 , 0.13   ,   63.6579 ,  By T. Ishikawa
 ArH2  ,     12,     1700, 0.8824 ,   1257.99 , 0.13   ,   59.2291 ,  By T. Ishikawa
 ArH2  ,     12,     1800, 0.8556 ,   1372.59 , 0.13   ,   60.5324 ,  By T. Ishikawa
 ArH2  ,     12,     1900, 0.8367 ,   1267.83 , 0.13   ,   53.2339 ,  By T. Ishikawa
 ArH2  ,     12,     2000, 0.8041 ,   1328.32 , 0.13   ,   50.9011 ,  By T. Ishikawa
 ArH2  ,     62,     1400, 0.3192 ,   1253.14 , 0.13   ,    0.2369 ,  By T. Ishikawa
 ArH   ,      2,     1000, 0.2917 ,    380.35 , 0.13   ,    0.0190 ,  By T. Ishikawa
 ArH   ,      2,     1200, 0.4357 ,    530.91 , 0.13   ,    1.7753 ,  By T. Ishikawa
 ArH   ,      2,     1400, 0.5288 ,    618.92 , 0.13   ,    5.9378 ,  By T. Ishikawa
 HfH2  ,    139,   0.0001, 0.327  ,    183.82 , 0.10   ,    0.192  ,  Y. Liu et al. Sci. Rep. 5 11381 (2015). 
 HfH2  ,    139,   0.0001, 0.327  ,    183.82 , 0.13   ,    0.047  ,  Y. Liu et al. Sci. Rep. 5 11381 (2015).
 HfH2  ,    139,       10, 0.294  ,    201.20 , 0.10   ,    0.081  ,  Y. Liu et al. Sci. Rep. 5 11381 (2015).
 HfH2  ,    139,       10, 0.294  ,    201.20 , 0.13   ,    0.012  ,  Y. Liu et al. Sci. Rep. 5 11381 (2015).
 HfH2  ,    139,       30, 0.26   ,    229.21 , 0.10   ,    0.021  ,  Y. Liu et al. Sci. Rep. 5 11381 (2015).
 HfH2  ,    139,       30, 0.26   ,    229.21 , 0.13   ,    0.001  ,  Y. Liu et al. Sci. Rep. 5 11381 (2015).
 HfH2  ,    139,       50, 0.242  ,    253.17 , 0.10   ,    0.008  ,  Y. Liu et al. Sci. Rep. 5 11381 (2015).
 HfH2  ,     67,      180, 0.643  ,    292.71 , 0.10   ,    8.159  ,  Y. Liu et al. Sci. Rep. 5 11381 (2015).
 HfH2  ,     67,      180, 0.643  ,    292.71 , 0.13   ,    5.988  ,  Y. Liu et al. Sci. Rep. 5 11381 (2015).
 HfH2  ,     67,      240, 0.59   ,    285.24 , 0.10   ,    6.207  ,  Y. Liu et al. Sci. Rep. 5 11381 (2015).
 HfH2  ,     67,      240, 0.59   ,    285.24 , 0.13   ,    4.322  ,  Y. Liu et al. Sci. Rep. 5 11381 (2015).
 HfH2  ,     11,      260, 0.871  ,    232.06 , 0.10   ,   12.804  ,  Y. Liu et al. Sci. Rep. 5 11381 (2015).
 HfH2  ,     11,      260, 0.871  ,    232.06 , 0.13   ,   10.62   ,  Y. Liu et al. Sci. Rep. 5 11381 (2015).
 HfH2  ,     11,      280, 0.787  ,    218.68 , 0.10   ,    7.962  ,  Y. Liu et al. Sci. Rep. 5 11381 (2015).
 HfH2  ,     11,      280, 0.787  ,    218.68 , 0.13   ,    9.911  ,  Y. Liu et al. Sci. Rep. 5 11381 (2015).
 PH3   ,     19,      100, 0.53   ,    990    , 0.13   ,    9.0    ,  H. Liu et al. J. Phys. Chem. C 120 3458 (2016).
 PH3   ,     12,      200, 1.45   ,    826    , 0.13   ,   83      ,  H. Liu et al. J. Phys. Chem. C 120 3458 (2016).
 PH2   ,     12,      100, 1.05   ,    655.1  , 0.10   ,   49.0    ,  A. Shamp et al. J. Am. Chem. Soc. 138 1884 (2016).
 PH2   ,     12,      100, 1.05   ,    655.1  , 0.18   ,   32.1    ,  A. Shamp et al. J. Am. Chem. Soc. 138 1884 (2016).
 PH2   ,     12,      150, 1.0    ,    798.1  , 0.10   ,   55.5    ,  A. Shamp et al. J. Am. Chem. Soc. 138 1884 (2016).
 PH2   ,     12,      150, 1.0    ,    798.1  , 0.18   ,   35.2    ,  A. Shamp et al. J. Am. Chem. Soc. 138 1884 (2016).
 PH2   ,     12,      200, 1.04   ,   1026.5  , 0.10   ,   75.6    ,  A. Shamp et al. J. Am. Chem. Soc. 138 1884 (2016).
 PH2   ,     12,      200, 1.04   ,   1026.5  , 0.18   ,   49.2    ,  A. Shamp et al. J. Am. Chem. Soc. 138 1884 (2016).
 PH2   ,    139,      150, 0.86   ,    946.2  , 0.10   ,   50.6    ,  A. Shamp et al. J. Am. Chem. Soc. 138 1884 (2016).
 PH2   ,    139,      150, 0.86   ,    946.2  , 0.18   ,   28.3    ,  A. Shamp et al. J. Am. Chem. Soc. 138 1884 (2016).
 PH2   ,    139,      200, 1.13   ,    851.6  , 0.10   ,   70.4    ,  A. Shamp et al. J. Am. Chem. Soc. 138 1884 (2016).
 PH2   ,    139,      200, 1.13   ,    851.6  , 0.18   ,   48.0    ,  A. Shamp et al. J. Am. Chem. Soc. 138 1884 (2016).
 HSe2  ,     12,      300, 0.45   ,    647    , 0.1    ,    5      ,  S. Zhang et al. Sci. Rep. 5 15433 (2015).
 HSe   ,     14,      300, 0.65   ,    832    , 0.1    ,   23      ,  S. Zhang et al. Sci. Rep. 5 15433 (2015).
 HSe   ,    129,      250, 0.81   ,    813    , 0.1    ,   39      ,  S. Zhang et al. Sci. Rep. 5 15433 (2015).
 HSe   ,    129,      300, 0.80   ,    885    , 0.1    ,   42      ,  S. Zhang et al. Sci. Rep. 5 15433 (2015).
 H3Se  ,    229,      200, 1.09   ,   1477    , 0.1    ,  116      ,  S. Zhang et al. Sci. Rep. 5 15433 (2015).
 H3Se  ,    229,      250, 1.04   ,   1498    , 0.1    ,  111      ,  S. Zhang et al. Sci. Rep. 5 15433 (2015).
 H3Se  ,    229,      300, 1.04   ,   1492    , 0.1    ,  110      ,  S. Zhang et al. Sci. Rep. 5 15433 (2015).
 PbH8  ,     12,      200, 1.296  ,   1051    , 0.1    ,  103      ,  Y. Cheng et al. Sci. Rep. 5 16475 (2015).
 HCl   ,     12,      250, 0.56   ,   1094    , 0.1    ,   20      ,  C. Cheng et al. J. Phys. Chem. C 119 17039 (2015).
 HCl   ,     12,      250, 0.56   ,   1094    , 0.13   ,   13      ,  C. Cheng et al. J. Phys. Chem. C 119 17039 (2015).
 HBr   ,     12,      120, 0.27   ,    834    , 0.1    ,    0.12   ,  C. Cheng et al. J. Phys. Chem. C 119 17039 (2015).
 HBr   ,     12,      120, 0.27   ,    834    , 0.13   ,    0.0097 ,  C. Cheng et al. J. Phys. Chem. C 119 17039 (2015).
 AlH5  ,     11,      250, 1.625  ,    949    , 0.1    ,  146      ,  P. Hou et al. RSC Adv. 5 5096 (2015).
 AlH5  ,     11,      250, 1.625  ,    949    , 0.13   ,  132      ,  P. Hou et al. RSC Adv. 5 5096 (2015).
 BH    ,    191,      100, 0.74   ,    985.0  , 0.13   ,   30.8    ,  C.-H. Hu et al. Phys. Rev. Lett. 110 165504 (2013).
 BH    ,    191,      100, 0.74   ,    985.0  , 0.10   ,   39.2    ,  C.-H. Hu et al. Phys. Rev. Lett. 110 165504 (2013).
 BH    ,    191,      125, 0.65   ,   1100.5  , 0.13   ,   23.7    ,  C.-H. Hu et al. Phys. Rev. Lett. 110 165504 (2013).
 BH    ,    191,      125, 0.65   ,   1100.5  , 0.10   ,   32.0    ,  C.-H. Hu et al. Phys. Rev. Lett. 110 165504 (2013).
 BH    ,    191,      150, 0.59   ,   1233.6  , 0.13   ,   18.7    ,  C.-H. Hu et al. Phys. Rev. Lett. 110 165504 (2013).
 BH    ,    191,      150, 0.59   ,   1233.6  , 0.10   ,   26.9    ,  C.-H. Hu et al. Phys. Rev. Lett. 110 165504 (2013).
 BH    ,    191,      175, 0.55   ,   1261.8  , 0.13   ,   14.1    ,  C.-H. Hu et al. Phys. Rev. Lett. 110 165504 (2013).
 BH    ,    191,      175, 0.55   ,   1261.8  , 0.10   ,   21.4    ,  C.-H. Hu et al. Phys. Rev. Lett. 110 165504 (2013).
 BH    ,    191,      200, 0.51   ,   1394.4  , 0.13   ,   11.7    ,  C.-H. Hu et al. Phys. Rev. Lett. 110 165504 (2013).
 BH    ,    191,      200, 0.51   ,   1394.4  , 0.10   ,   18.8    ,  C.-H. Hu et al. Phys. Rev. Lett. 110 165504 (2013).
 PoH   ,    194,      300, 0.33   ,    806.1  , 0.13   ,    0.14   ,  Y. Liu et al. arXiv 1503.08587 (2015).    
 PoH   ,    194,      300, 0.33   ,    806.1  , 0.10   ,    0.65   ,  Y. Liu et al. arXiv 1503.08587 (2015).
 PoH2  ,     62,      200, 0.19   ,    712.9  , 0.13   ,    0.0001 ,  Y. Liu et al. arXiv 1503.08587 (2015).
 PoH2  ,     62,      200, 0.19   ,    712.9  , 0.10   ,    0.0001 ,  Y. Liu et al. arXiv 1503.08587 (2015).
 PoH4  ,     15,      200, 1.09   ,    602.6  , 0.13   ,   41.1    ,  Y. Liu et al. arXiv 1503.08587 (2015).
 PoH4  ,     15,      200, 1.09   ,    602.6  , 0.10   ,   47.2    ,  Y. Liu et al. arXiv 1503.08587 (2015).
 PoH6  ,     12,      200, 0.43   ,    836.1  , 0.13   ,    2.25   ,  Y. Liu et al. arXiv 1503.08587 (2015).
 PoH6  ,     12,      200, 0.43   ,    836.1  , 0.10   ,    4.68   ,  Y. Liu et al. arXiv 1503.08587 (2015).
 SnH4  ,     40,      120, 0.61   ,    905    , 0.13   ,   15      ,  G. Gao et al. PNAS 107 1317 (2010).
 SnH4  ,     40,      120, 0.61   ,    905    , 0.10   ,   22      ,  G. Gao et al. PNAS 107 1317 (2010).
 SnH4  ,    194,      200, 0.87   ,   1135    , 0.13   ,   52      ,  G. Gao et al. PNAS 107 1317 (2010).
 SnH4  ,    194,      200, 0.87   ,   1135    , 0.10   ,   62      ,  G. Gao et al. PNAS 107 1317 (2010).
 SnH4  ,    139,      220, 1.180  ,   1025    , 0.10   ,   91      ,  M. Esfahani et al. Sci. Rep. 6 22873 (2016).
 SnH4  ,    139,      220, 1.180  ,   1025    , 0.13   ,   80      ,  M. Esfahani et al. Sci. Rep. 6 22873 (2016).
 SnH8  ,    119,      220, 1.188  ,    919    , 0.10   ,   81      ,  M. Esfahani et al. Sci. Rep. 6 22873 (2016).
 SnH8  ,    119,      220, 1.188  ,    919    , 0.13   ,   72      ,  M. Esfahani et al. Sci. Rep. 6 22873 (2016).
 SnH12 ,     12,      250, 1.250  ,    991    , 0.10   ,   93      ,  M. Esfahani et al. Sci. Rep. 6 22873 (2016).
 SnH12 ,     12,      250, 1.250  ,    991    , 0.13   ,   83      ,  M. Esfahani et al. Sci. Rep. 6 22873 (2016).
 SnH14 ,     12,      300, 1.187  ,   1099    , 0.10   ,   97      ,  M. Esfahani et al. Sci. Rep. 6 22873 (2016).
 SnH14 ,     12,      300, 1.187  ,   1099    , 0.13   ,   86      ,  M. Esfahani et al. Sci. Rep. 6 22873 (2016).
 H4Te  ,    191,      170, 1.461  ,    940.259, 0.10   ,  104.47   ,  X. Zhong et al. Phys. Rev. Lett. 116 057002 (2016).
 H4Te  ,    191,      170, 1.461  ,    940.259, 0.13   ,   95.00   ,  X. Zhong et al. Phys. Rev. Lett. 116 057002 (2016).
 H4Te  ,    191,      170, 1.461  ,    940.259, 0.16   ,   85.60   ,  X. Zhong et al. Phys. Rev. Lett. 116 057002 (2016).
 H4Te  ,    191,      170, 1.461  ,    940.259, 0.20   ,   73.21   ,  X. Zhong et al. Phys. Rev. Lett. 116 057002 (2016).
 H4Te  ,    191,      200, 1.403  ,    929.110, 0.10   ,   99.18   ,  X. Zhong et al. Phys. Rev. Lett. 116 057002 (2016).
 H4Te  ,    191,      200, 1.403  ,    929.110, 0.13   ,   89.80   ,  X. Zhong et al. Phys. Rev. Lett. 116 057002 (2016).
 H4Te  ,    191,      200, 1.403  ,    929.110, 0.16   ,   80.49   ,  X. Zhong et al. Phys. Rev. Lett. 116 057002 (2016).
 H4Te  ,    191,      200, 1.403  ,    929.110, 0.20   ,   68.28   ,  X. Zhong et al. Phys. Rev. Lett. 116 057002 (2016).
 H4Te  ,    191,      230, 1.422  ,    844.188, 0.10   ,   91.33   ,  X. Zhong et al. Phys. Rev. Lett. 116 057002 (2016).
 H4Te  ,    191,      230, 1.422  ,    844.188, 0.13   ,   82.81   ,  X. Zhong et al. Phys. Rev. Lett. 116 057002 (2016).
 H4Te  ,    191,      230, 1.422  ,    844.188, 0.16   ,   74.35   ,  X. Zhong et al. Phys. Rev. Lett. 116 057002 (2016).
 H4Te  ,    191,      230, 1.422  ,    844.188, 0.20   ,   63.25   ,  X. Zhong et al. Phys. Rev. Lett. 116 057002 (2016).
 H4Te  ,    166,      270, 0.923  ,   1237.535, 0.10   ,   75.66   ,  X. Zhong et al. Phys. Rev. Lett. 116 057002 (2016).
 H4Te  ,    166,      270, 0.923  ,   1237.535, 0.13   ,   63.74   ,  X. Zhong et al. Phys. Rev. Lett. 116 057002 (2016).
 H4Te  ,    166,      270, 0.923  ,   1237.535, 0.16   ,   52.41   ,  X. Zhong et al. Phys. Rev. Lett. 116 057002 (2016).
 H4Te  ,    166,      270, 0.923  ,   1237.535, 0.20   ,   38.52   ,  X. Zhong et al. Phys. Rev. Lett. 116 057002 (2016).
 H4Te  ,    166,      300, 0.842  ,   1307.098, 0.10   ,   67.70   ,  X. Zhong et al. Phys. Rev. Lett. 116 057002 (2016).
 H4Te  ,    166,      300, 0.842  ,   1307.098, 0.13   ,   55.60   ,  X. Zhong et al. Phys. Rev. Lett. 116 057002 (2016).
 H4Te  ,    166,      300, 0.842  ,   1307.098, 0.16   ,   44.30   ,  X. Zhong et al. Phys. Rev. Lett. 116 057002 (2016).
 H4Te  ,    166,      300, 0.842  ,   1307.098, 0.20   ,   30.82   ,  X. Zhong et al. Phys. Rev. Lett. 116 057002 (2016).
 H5Te2 ,     12,      200, 1.135  ,    790.315, 0.10   ,   57.98   ,  X. Zhong et al. Phys. Rev. Lett. 116 057002 (2016).
 H5Te2 ,     12,      200, 1.135  ,    790.315, 0.13   ,   47.10   ,  X. Zhong et al. Phys. Rev. Lett. 116 057002 (2016).
 H5Te2 ,     12,      200, 1.135  ,    790.315, 0.16   ,   38.65   ,  X. Zhong et al. Phys. Rev. Lett. 116 057002 (2016).
 H5Te2 ,     12,      200, 1.135  ,    790.315, 0.20   ,   26.12   ,  X. Zhong et al. Phys. Rev. Lett. 116 057002 (2016).
 H5Te2 ,     12,      300, 0.772  ,   1058.281, 0.10   ,   46.00   ,  X. Zhong et al. Phys. Rev. Lett. 116 057002 (2016).
 H5Te2 ,     12,      300, 0.772  ,   1058.281, 0.13   ,   36.70   ,  X. Zhong et al. Phys. Rev. Lett. 116 057002 (2016).
 H5Te2 ,     12,      300, 0.772  ,   1058.281, 0.16   ,   28.20   ,  X. Zhong et al. Phys. Rev. Lett. 116 057002 (2016).
 H5Te2 ,     12,      300, 0.772  ,   1058.281, 0.20   ,   18.39   ,  X. Zhong et al. Phys. Rev. Lett. 116 057002 (2016).
 HTe   ,    129,      150, 0.712  ,    781.559, 0.10   ,   28.28   ,  X. Zhong et al. Phys. Rev. Lett. 116 057002 (2016).
 HTe   ,    129,      150, 0.712  ,    781.559, 0.13   ,   21.83   ,  X. Zhong et al. Phys. Rev. Lett. 116 057002 (2016).
 HTe   ,    129,      150, 0.712  ,    781.559, 0.16   ,   16.10   ,  X. Zhong et al. Phys. Rev. Lett. 116 057002 (2016).
 HTe   ,    129,      150, 0.712  ,    781.559, 0.20   ,    9.72   ,  X. Zhong et al. Phys. Rev. Lett. 116 057002 (2016).
 HTe   ,    129,      200, 0.579  ,    914.586, 0.10   ,   18.71   ,  X. Zhong et al. Phys. Rev. Lett. 116 057002 (2016).
 HTe   ,    129,      200, 0.579  ,    914.586, 0.13   ,   12.85   ,  X. Zhong et al. Phys. Rev. Lett. 116 057002 (2016).
 HTe   ,    129,      200, 0.579  ,    914.586, 0.16   ,    8.10   ,  X. Zhong et al. Phys. Rev. Lett. 116 057002 (2016).
 HTe   ,    129,      200, 0.579  ,    914.586, 0.20   ,    3.63   ,  X. Zhong et al. Phys. Rev. Lett. 116 057002 (2016).
 HTe   ,    194,      300, 1.0723 ,    573.634, 0.10   ,   44.26   ,  X. Zhong et al. Phys. Rev. Lett. 116 057002 (2016).
 HTe   ,    194,      300, 1.0723 ,    573.634, 0.13   ,   38.52   ,  X. Zhong et al. Phys. Rev. Lett. 116 057002 (2016).
 HTe   ,    194,      300, 1.0723 ,    573.634, 0.16   ,   33.64   ,  X. Zhong et al. Phys. Rev. Lett. 116 057002 (2016).
 HTe   ,    194,      300, 1.0723 ,    573.634, 0.20   ,   25.90   ,  X. Zhong et al. Phys. Rev. Lett. 116 057002 (2016).
 TcH2  ,    139,      100, 0.467  ,    592    , 0.10   ,    5.42   ,  X. Li et al. Phys. Chem. Chem. Phys. 18 28791 (2016).
 TcH2  ,    139,      100, 0.467  ,    592    , 0.13   ,    3.03   ,  X. Li et al. Phys. Chem. Chem. Phys. 18 28791 (2016).
 TcH2  ,    139,      150, 0.473  ,    651    , 0.10   ,    6.31   ,  X. Li et al. Phys. Chem. Chem. Phys. 18 28791 (2016).
 TcH2  ,    139,      150, 0.473  ,    651    , 0.13   ,    3.58   ,  X. Li et al. Phys. Chem. Chem. Phys. 18 28791 (2016).
 TcH2  ,    139,      200, 0.523  ,    736    , 0.10   ,   10.65   ,  X. Li et al. Phys. Chem. Chem. Phys. 18 28791 (2016).
 TcH2  ,    139,      200, 0.523  ,    736    , 0.13   ,    6.73   ,  X. Li et al. Phys. Chem. Chem. Phys. 18 28791 (2016).
 TcH2  ,     63,      300, 0.486  ,    793    , 0.10   ,    8.61   ,  X. Li et al. Phys. Chem. Chem. Phys. 18 28791 (2016).
 TcH2  ,     63,      300, 0.486  ,    793    , 0.13   ,    5.05   ,  X. Li et al. Phys. Chem. Chem. Phys. 18 28791 (2016).
 TcH3  ,    131,      300, 0.531  ,    620    , 0.10   ,    9.94   ,  X. Li et al. Phys. Chem. Chem. Phys. 18 28791 (2016).
 TcH3  ,    131,      300, 0.531  ,    620    , 0.13   ,    6.74   ,  X. Li et al. Phys. Chem. Chem. Phys. 18 28791 (2016).
 OsH   ,    225,      100, 0.42   ,    347.84 , 0.10   ,    2.1    ,  Y. Liu et al. J. Phys. Chem. C 119 15905 (2015).
 NbH   ,     66,   0.0001, 0.51   ,    188    , 0.10   ,    2.4    ,  G. Gao et al. Phys. Rev. B 88 184104 (2013).
 NbH   ,     66,   0.0001, 0.51   ,    188    , 0.13   ,    1.5    ,  G. Gao et al. Phys. Rev. B 88 184104 (2013).
 NbH2  ,    225,   0.0001, 0.48   ,    251    , 0.10   ,    2.6    ,  G. Gao et al. Phys. Rev. B 88 184104 (2013).
 NbH2  ,    225,   0.0001, 0.48   ,    251    , 0.13   ,    1.5    ,  G. Gao et al. Phys. Rev. B 88 184104 (2013).
 NbH2  ,    225,       50, 0.41   ,    303    , 0.10   ,    1.5    ,  G. Gao et al. Phys. Rev. B 88 184104 (2013).
 NbH2  ,    225,       50, 0.41   ,    303    , 0.13   ,    0.7    ,  G. Gao et al. Phys. Rev. B 88 184104 (2013).
 NbH4  ,    139,      300, 0.82   ,    938    , 0.10   ,   47      ,  G. Gao et al. Phys. Rev. B 88 184104 (2013).   
 NbH4  ,    139,      300, 0.82   ,    938    , 0.13   ,   38      ,  G. Gao et al. Phys. Rev. B 88 184104 (2013).
 CaH6  ,    229,      150, ---    ,    ---    , 0.10   ,  172      ,  H. Wang et al. PNAS 109 6463 (2012).  Fig. S19 in SI
 CaH6  ,    229,      150, ---    ,    ---    , 0.13   ,  163      ,  H. Wang et al. PNAS 109 6463 (2012).  Fig. S19 in SI
 KH6   ,     15,      166, 0.91   ,   1164.72 , 0.13   ,   58.66   ,  D. Zhou et al. Phys. Rev. B 86 014118 (2012).      
 KH6   ,     15,      166, 0.91   ,   1164.72 , 0.10   ,   69.84   ,  D. Zhou et al. Phys. Rev. B 86 014118 (2012).
 KH6   ,     15,      230, ---    ,    ---    , 0.13   ,   57.95   ,  D. Zhou et al. Phys. Rev. B 86 014118 (2012).
 KH6   ,     15,      230, ---    ,    ---    , 0.10   ,   69.60   ,  D. Zhou et al. Phys. Rev. B 86 014118 (2012).
 KH6   ,     15,      300, ---    ,    ---    , 0.13   ,   46.05   ,  D. Zhou et al. Phys. Rev. B 86 014118 (2012).
 KH6   ,     15,      300, ---    ,    ---    , 0.10   ,   57.42   ,  D. Zhou et al. Phys. Rev. B 86 014118 (2012).
 BiH   ,    194,      250, 0.76   ,    699.17 , 0.10   ,   29.40   ,  Y. Ma et al. arXiv 1511.05291 (2015).  Tc was modified by f1f2=1.
 BiH   ,    194,      250, 0.76   ,    699.17 , 0.13   ,   23.32   ,  Y. Ma et al. arXiv 1511.05291 (2015).  Tc was modified by f1f2=1.
 BiH   ,    194,      300, 0.61   ,    792.43 , 0.10   ,   19.04   ,  Y. Ma et al. arXiv 1511.05291 (2015).  Tc was modified by f1f2=1.
 BiH   ,    194,      300, 0.61   ,    792.43 , 0.13   ,   13.55   ,  Y. Ma et al. arXiv 1511.05291 (2015).  Tc was modified by f1f2=1.
 BiH2  ,     11,      150, 1.34   ,    506.80 , 0.10   ,   51.54   ,  Y. Ma et al. arXiv 1511.05291 (2015).  Tc was modified by f1f2=1.
 BiH2  ,     11,      150, 1.34   ,    506.80 , 0.13   ,   46.41   ,  Y. Ma et al. arXiv 1511.05291 (2015).  Tc was modified by f1f2=1.
 BiH2  ,     11,      200, 1.07   ,    706.70 , 0.10   ,   54.38   ,  Y. Ma et al. arXiv 1511.05291 (2015).  Tc was modified by f1f2=1.
 BiH2  ,     11,      200, 1.07   ,    706.70 , 0.13   ,   47.31   ,  Y. Ma et al. arXiv 1511.05291 (2015).  Tc was modified by f1f2=1.
 BiH2  ,     11,      250, 0.99   ,    841.53 , 0.10   ,   57.70   ,  Y. Ma et al. arXiv 1511.05291 (2015).  Tc was modified by f1f2=1.
 BiH2  ,     11,      250, 0.99   ,    841.53 , 0.13   ,   49.42   ,  Y. Ma et al. arXiv 1511.05291 (2015).  Tc was modified by f1f2=1.
 BiH2  ,     11,      300, 0.96   ,    917.48 , 0.10   ,   59.91   ,  Y. Ma et al. arXiv 1511.05291 (2015).  Tc was modified by f1f2=1.
 BiH2  ,     11,      300, 0.96   ,    917.48 , 0.13   ,   50.95   ,  Y. Ma et al. arXiv 1511.05291 (2015).  Tc was modified by f1f2=1.
 BiH4  ,     58,      150, 1.27   ,    864.72 , 0.10   ,   82.82   ,  Y. Ma et al. arXiv 1511.05291 (2015).  Tc was modified by f1f2=1.
 BiH4  ,     58,      150, 1.27   ,    864.72 , 0.13   ,   74.06   ,  Y. Ma et al. arXiv 1511.05291 (2015).  Tc was calculated by f1f2=1.
 BiH4  ,     58,      200, 1.10   ,   1008.85 , 0.10   ,   80.67   ,  Y. Ma et al. arXiv 1511.05291 (2015).  Tc was modified by f1f2=1.
 BiH4  ,     58,      200, 1.10   ,   1008.85 , 0.13   ,   70.54   ,  Y. Ma et al. arXiv 1511.05291 (2015).  Tc was modified by f1f2=1.
 BiH4  ,     58,      250, 0.97   ,   1101.09 , 0.10   ,   73.11   ,  Y. Ma et al. arXiv 1511.05291 (2015).  Tc was modified by f1f2=1.
 BiH4  ,     58,      250, 0.97   ,   1101.09 , 0.13   ,   62.33   ,  Y. Ma et al. arXiv 1511.05291 (2015).  Tc was modified by f1f2=1.
 BiH4  ,     58,      300, 0.92   ,   1150.38 , 0.10   ,   69.99   ,  Y. Ma et al. arXiv 1511.05291 (2015).  Tc was modified by f1f2=1.
 BiH4  ,     58,      300, 0.92   ,   1150.38 , 0.13   ,   58.92   ,  Y. Ma et al. arXiv 1511.05291 (2015).  Tc was modified by f1f2=1.
 BiH5  ,     12,      200, 1.23   ,   1021.90 , 0.10   ,   94.27   ,  Y. Ma et al. arXiv 1511.05291 (2015).  Tc was modified by f1f2=1.
 BiH5  ,     12,      200, 1.23   ,   1021.90 , 0.13   ,   83.92   ,  Y. Ma et al. arXiv 1511.05291 (2015).  Tc was modified by f1f2=1.
 BiH5  ,     12,      250, 1.45   ,    801.68 , 0.10   ,   88.44   ,  Y. Ma et al. arXiv 1511.05291 (2015).  Tc was modified by f1f2=1.
 BiH5  ,     12,      250, 1.45   ,    801.68 , 0.13   ,   80.36   ,  Y. Ma et al. arXiv 1511.05291 (2015).  Tc was modified by f1f2=1.
 BiH5  ,     12,      300, 1.20   ,   1220.96 , 0.10   ,  109.31   ,  Y. Ma et al. arXiv 1511.05291 (2015).  Tc was modified by f1f2=1.
 BiH5  ,     12,      300, 1.20   ,   1220.96 , 0.13   ,   96.96   ,  Y. Ma et al. arXiv 1511.05291 (2015).  Tc was modified by f1f2=1.
 BiH6  ,      2,      200, 1.26   ,    934.62 , 0.10   ,   88.73   ,  Y. Ma et al. arXiv 1511.05291 (2015).  Tc was modified by f1f2=1.
 BiH6  ,      2,      200, 1.26   ,    934.62 , 0.13   ,   79.24   ,  Y. Ma et al. arXiv 1511.05291 (2015).  Tc was modified by f1f2=1.
 BiH6  ,      2,      250, 1.24   ,   1035.33 , 0.10   ,   96.43   ,  Y. Ma et al. arXiv 1511.05291 (2015).  Tc was modified by f1f2=1.
 BiH6  ,      2,      250, 1.24   ,   1035.33 , 0.13   ,   85.95   ,  Y. Ma et al. arXiv 1511.05291 (2015).  Tc was modified by f1f2=1.
 BiH6  ,      2,      300, 1.23   ,   1102.82 , 0.10   ,  101.74   ,  Y. Ma et al. arXiv 1511.05291 (2015).  Tc was modified by f1f2=1.
 BiH6  ,      2,      300, 1.23   ,   1102.82 , 0.13   ,   90.57   ,  Y. Ma et al. arXiv 1511.05291 (2015).  Tc was modified by f1f2=1.
 BeH2  ,     63,      250, 0.63   ,   1729    , 0.12   ,   38      ,  Z. Wang et al. J. Chem. Phys. 140 124707 (2014).
 BeH2  ,     63,      300, ---    ,   ---     , 0.12   ,   41      ,  Z. Wang et al. J. Chem. Phys. 140 124707 (2014).
 MgH2  ,    194,      180, 0.58   ,   1111    , 0.13   ,   16      ,  D. C. Lonie et al. Phys. Rev. B 87 054107 (2013).       
 MgH2  ,    194,      180, 0.58   ,   1111    , 0.10   ,   23      ,  D. C. Lonie et al. Phys. Rev. B 87 054107 (2013).
 MgH4  ,     63,      100, 0.74   ,    941    , 0.13   ,   29      ,  D. C. Lonie et al. Phys. Rev. B 87 054107 (2013).
 MgH4  ,     63,      100, 0.74   ,    941    , 0.10   ,   37      ,  D. C. Lonie et al. Phys. Rev. B 87 054107 (2013).
 MgH12 ,    146,      140, 0.73   ,   1554    , 0.13   ,   47      ,  D. C. Lonie et al. Phys. Rev. B 87 054107 (2013).
 MgH12 ,    146,      140, 0.73   ,   1554    , 0.10   ,   60      ,  D. C. Lonie et al. Phys. Rev. B 87 054107 (2013).
 BaH6  ,    123,      100, 0.77   ,    878    , 0.13   ,   30      ,  J. Hooper et al. J. Phys. Chem. C 117 2982 (2013).
 BaH6  ,    123,      100, 0.77   ,    878    , 0.10   ,   38      ,  J. Hooper et al. J. Phys. Chem. C 117 2982 (2013).
 BaH2  ,    164,       60, 0.22   ,    780    , 0.10   ,    0.004  ,  J. Tse et al. Solid State Commun. 149 1944 (2009).  CdI2-type structure     
 BaH2  ,    164,       60, 0.22   ,    780    , 0.12   ,    0.0002 ,  J. Tse et al. Solid State Commun. 149 1944 (2009).  CdI2-type structure
 AsH   ,     63,      300, 0.59   ,    995    , 0.10   ,   21.2    ,  Y. Fu et al. Chem. Mater. 28 1746 (2016).     
 AsH   ,     63,      400, 0.55   ,   1166    , 0.10   ,   20.2    ,  Y. Fu et al. Chem. Mater. 28 1746 (2016).
 AsH8  ,     15,      350, 1.50   ,   1240    , 0.10   ,  141.0    ,  Y. Fu et al. Chem. Mater. 28 1746 (2016).
 AsH8  ,     15,      400, 1.63   ,   1169    , 0.10   ,  143.9    ,  Y. Fu et al. Chem. Mater. 28 1746 (2016).
 AsH8  ,     15,      450, 1.77   ,   1153    , 0.10   ,  151.4    ,  Y. Fu et al. Chem. Mater. 28 1746 (2016).
 SbH   ,     62,      175, 0.57   ,    736    , 0.10   ,   14.6    ,  Y. Fu et al. Chem. Mater. 28 1746 (2016).
 SbH   ,     62,      215, 0.51   ,    820    , 0.10   ,   10.5    ,  Y. Fu et al. Chem. Mater. 28 1746 (2016).
 SbH   ,     62,      255, 0.47   ,    877    , 0.10   ,    8.5    ,  Y. Fu et al. Chem. Mater. 28 1746 (2016).
 SbH   ,     62,      295, 0.45   ,    890    , 0.10   ,    6.8    ,  Y. Fu et al. Chem. Mater. 28 1746 (2016).
 SbH3  ,     59,      300, 0.61   ,   1100    , 0.10   ,   25.9    ,  Y. Fu et al. Chem. Mater. 28 1746 (2016).
 SbH3  ,     59,      400, 0.56   ,   1112    , 0.10   ,   19.8    ,  Y. Fu et al. Chem. Mater. 28 1746 (2016).
 SbH4  ,    194,      150, 1.28   ,   1054    , 0.10   ,  102.2    ,  Y. Fu et al. Chem. Mater. 28 1746 (2016).
 SbH4  ,    194,      200, 1.21   ,   1133    , 0.10   ,  102.3    ,  Y. Fu et al. Chem. Mater. 28 1746 (2016).
 SbH4  ,    194,      250, 1.18   ,   1145    , 0.10   ,   99.9    ,  Y. Fu et al. Chem. Mater. 28 1746 (2016).
 SbH4  ,    194,      300, 1.16   ,   1090    , 0.10   ,   93.9    ,  Y. Fu et al. Chem. Mater. 28 1746 (2016).
 H2I   ,     63,      100, 0.51   ,    608.7  , 0.10   ,    7.8    ,  A. Shamp et al. J. Phys. Chem. Lett. 6 4067 (2015).
 H2I   ,     63,      100, 0.51   ,    608.7  , 0.13   ,    4.8    ,  A. Shamp et al. J. Phys. Chem. Lett. 6 4067 (2015).
 H4I   ,    191,      100, 0.58   ,    854.3  , 0.10   ,   17.5    ,  A. Shamp et al. J. Phys. Chem. Lett. 6 4067 (2015).
 H4I   ,    191,      100, 0.58   ,    854.3  , 0.13   ,   12.0    ,  A. Shamp et al. J. Phys. Chem. Lett. 6 4067 (2015).
 H4I   ,    191,      150, 0.56   ,   1097.4  , 0.10   ,   20.4    ,  A. Shamp et al. J. Phys. Chem. Lett. 6 4067 (2015).
 H4I   ,    191,      150, 0.56   ,   1097.4  , 0.13   ,   13.7    ,  A. Shamp et al. J. Phys. Chem. Lett. 6 4067 (2015).
 GeH4  ,     12,      280, 0.895  ,   1162    , 0.10   ,   67      ,  M. M. D. Esfahani et al. arXiv 1701.05600 (2017).
 GeH4  ,     12,      280, 0.895  ,   1162    , 0.13   ,   56      ,  M. M. D. Esfahani et al. arXiv 1701.05600 (2017).
 GeH4  ,     12,      300, 0.867  ,   1154    , 0.10   ,   63      ,  M. M. D. Esfahani et al. arXiv 1701.05600 (2017).
 GeH4  ,     12,      300, 0.867  ,   1154    , 0.13   ,   52      ,  M. M. D. Esfahani et al. arXiv 1701.05600 (2017).
 Ge3H11,    119,      285, 0.721  ,   1155    , 0.10   ,   43      ,  M. M. D. Esfahani et al. arXiv 1701.05600 (2017).
 Ge3H11,    119,      285, 0.721  ,   1155    , 0.13   ,   34      ,  M. M. D. Esfahani et al. arXiv 1701.05600 (2017).
 Ge3H11,    119,      300, 0.690  ,   1140    , 0.10   ,   38      ,  M. M. D. Esfahani et al. arXiv 1701.05600 (2017).
 Ge3H11,    119,      300, 0.690  ,   1140    , 0.13   ,   29      ,  M. M. D. Esfahani et al. arXiv 1701.05600 (2017).
 Ge3H11,    119,      320, 0.668  ,   1127    , 0.10   ,   35      ,  M. M. D. Esfahani et al. arXiv 1701.05600 (2017).
 Ge3H11,    119,      320, 0.668  ,   1127    , 0.13   ,   26      ,  M. M. D. Esfahani et al. arXiv 1701.05600 (2017).
 GeH4  ,     40,      250, 0.88   ,   1011    , 0.13   ,   47      ,  H. Zhang et al. Phys. Chem. Chem. Phys. 17 27630 (2015).
 GeH4  ,     40,      250, 0.88   ,   1011    , 0.10   ,   57      ,  H. Zhang et al. Phys. Chem. Chem. Phys. 17 27630 (2015).
 GeH4  ,     15,      500, 0.92   ,   1374    , 0.13   ,   70      ,  H. Zhang et al. Phys. Chem. Chem. Phys. 17 27630 (2015).
 GeH4  ,     15,      500, 0.92   ,   1374    , 0.10   ,   84      ,  H. Zhang et al. Phys. Chem. Chem. Phys. 17 27630 (2015).
 N4H   ,     36,       55, ----   ,   ---     , 0.13   ,    2.6    ,  G.-R. Qian et al. arXiv 1411.4513 (2016).
 N2H   ,     14,       60, ----   ,   ---     , 0.13   ,    7.8    ,  G.-R. Qian et al. arXiv 1411.4513 (2016).
 FeH5  ,    139,      130, 1.40   ,    614    , 0.10   ,   51      ,  A. Majumdar et al. Phys. Rev. B 96 201107(R) (2017).
 FeH5  ,    139,      200, 1.10   ,    600    , 0.10   ,   48      ,  A. Majumdar et al. Phys. Rev. B 96 201107(R) (2017).
 CoH   ,    225,        5, 0.28   ,    361.8  , 0.10   ,    0.11   ,  L. Wang et al. Inorg. Chem. 57 181 (2018).    
 H4PF  ,     36,      300,  0.7142,    963    , 0.13   ,   27      ,  By T. Ishikawa
 SeH6  ,     51,      150,    0.84,     762.78,    0.10,         39,  https://doi.org/10.1002/pssb.201800224
 SeH6  ,     51,      200,    0.73,     724.34,    0.10,         28,  https://doi.org/10.1002/pssb.201800224
 SeH6  ,     51,      300,    0.62,    1039.82,    0.10,         26,  https://doi.org/10.1002/pssb.201800224
 SeH6  ,     51,      150,    0.84,     762.78,    0.13,         32,  https://doi.org/10.1002/pssb.201800224
 SeH6  ,     51,      200,    0.73,     724.34,    0.13,         22,  https://doi.org/10.1002/pssb.201800224
 SeH6  ,     51,      300,    0.62,    1039.82,    0.13,         19,  https://doi.org/10.1002/pssb.201800224
 SeH6  ,     12,      265,    1.06,    1158.31,    0.10,         87,  https://doi.org/10.1002/pssb.201800224
 SeH6  ,     12,      270,    1.05,    1157.37,    0.10,         86,  https://doi.org/10.1002/pssb.201800224
 SeH6  ,     12,      300,    1.62,     585.26,    0.10,         56,  https://doi.org/10.1002/pssb.201800224
 SeH6  ,     12,      265,    1.06,    1158.31,    0.13,         76,  https://doi.org/10.1002/pssb.201800224
 SeH6  ,     12,      270,    1.05,    1157.37,    0.13,         75,  https://doi.org/10.1002/pssb.201800224
 SeH6  ,     12,      300,    1.62,     585.26,    0.13,         50,  https://doi.org/10.1002/pssb.201800224
 ScH2  ,    191,      300,    0.44,      543.5,    0.10,          4,  https://doi.org/10.1021/acs.jpcc.7b12124
 ScH3  ,    194,      400,    0.17,      571.8,    0.10,          1,  https://doi.org/10.1021/acs.jpcc.7b12124
 ScH4  ,    139,      120,    1.68,      734.3,    0.10,         92,  https://doi.org/10.1021/acs.jpcc.7b12124
 ScH4  ,    139,      250,    0.81,     1891.8,    0.10,         68,  https://doi.org/10.1021/acs.jpcc.7b12124
 ScH6  ,    194,      250,    0.57,     1439.8,    0.10,         29,  https://doi.org/10.1021/acs.jpcc.7b12124
 ScH6  ,    229,      350,    1.25,     1433.4,    0.10,        135,  https://doi.org/10.1021/acs.jpcc.7b12124
 ScH7  ,     63,      300,    1.84,     1245.2,    0.10,        169,  https://doi.org/10.1021/acs.jpcc.7b12124
 ScH9  ,    109,      300,    1.94,     1156.2,    0.10,        163,  https://doi.org/10.1021/acs.jpcc.7b12124
 ScH10 ,     63,      250,    1.17,     1366.8,    0.10,        120,  https://doi.org/10.1021/acs.jpcc.7b12124
 ScH12 ,     71,      350,    1.23,     1525.3,    0.10,        141,  https://doi.org/10.1021/acs.jpcc.7b12124

