formula,group,  P [GPa],  lambda,  w_log [K],   mu,     Tc [K], reference
 H5S2  ,    1,      100,  1.0786,     902.09, 0.17,   49.5486 ,  https://doi.org/10.1038/srep23160
 H5S2  ,    1,      112,  1.1857,     897.9 , 0.17,   58.3099 ,  https://doi.org/10.1038/srep23160
 H5S2  ,    1,      120,  1.2390,     907.0 , 0.17,   63.2085 ,  https://doi.org/10.1038/srep23160
 H5S2  ,    1,      130,  1.2417,     950.7 , 0.17,   66.4768 ,  https://doi.org/10.1038/srep23160
 H5S2  ,    1,      140,  1.2597,     968.93, 0.17,   69.2659 ,  https://doi.org/10.1038/srep23160
 H5S2  ,    1,      150,  1.3581,     900.87, 0.17,   71.8175 ,  https://doi.org/10.1038/srep23160
 H3S   ,  160,      130,    2.07,     1125.1, 0.13,  155      ,  https://doi.org/10.1038/srep06968
 H3S   ,  160,      130,    2.07,     1125.1, 0.10,  166      ,  https://doi.org/10.1038/srep06968
 H3S   ,  229,      200,    2.19,     1334.6, 0.13,  191      ,  https://doi.org/10.1038/srep06968
 H3S   ,  229,      200,    2.19,     1334.6, 0.10,  204      ,  https://doi.org/10.1038/srep06968
 H3S   ,  229,      250,        ,           , 0.13,  184      ,  https://doi.org/10.1038/srep06968
 H3S   ,  229,      300,        ,           , 0.13,  179      ,  https://doi.org/10.1038/srep06968
 H2S   ,    2,      130,        ,           , 0.13,   33.0104 ,  https://doi.org/10.1063/1.4874158
 H2S   ,    2,      140,        ,           , 0.13,    40     ,  https://doi.org/10.1063/1.4874158
 H2S   ,    2,      150,        ,           , 0.13,    56.1245,  https://doi.org/10.1063/1.4874158
 H2S   ,    2,      158,        ,           , 0.13,    60.2076,  https://doi.org/10.1063/1.4874158
 H2S   ,   64,      160,        ,           , 0.13,    82.1453,  https://doi.org/10.1063/1.4874158
 H2S   ,   64,      170,        ,           , 0.13,    78.1315,  https://doi.org/10.1063/1.4874158
 H2S   ,   64,      180,        ,           , 0.13,    68.2353,  https://doi.org/10.1063/1.4874158
 H4S3  ,   62,      140,    0.42,       834 , 0.16,    0.75   ,  https://doi.org/10.1103/PhysRevB.93.020103
 HS2   ,   15,      200,    0.86,    657.72 , 0.16,   23.4    ,  https://doi.org/10.1103/PhysRevLett.114.157004
 HS2   ,   12,      250,    0.75,    624.08 , 0.16,   14.9    ,  https://doi.org/10.1103/PhysRevLett.114.157004
 HS    ,   12,      300,    0.78,    861.88 , 0.16,   23.4    ,  https://doi.org/10.1103/PhysRevLett.114.157004
 O4H2  ,   58,      100,  0.5649,     800.3 , 0.1 ,   15.1314 ,  By A. Nakanishi
 O4H2  ,   58,      100,  0.5649,     800.3 , 0.13,   10.2054 ,  By A. Nakanishi
 O4H2  ,   58,      100,  0.5649,     800.3 , 0.15,    7.4740 ,  By A. Nakanishi
 O4H2  ,   58,      200,  0.4816,     990.8 , 0.1 ,   10.3380 ,  By A. Nakanishi
 O4H2  ,   58,      200,  0.4816,     990.8 , 0.13,    5.9911 ,  By A. Nakanishi
 O4H2  ,   58,      200,  0.4816,     990.8 , 0.15,    3.8353 ,  By A. Nakanishi
 O4H2  ,   58,      250,  0.4774,    1051.7 , 0.1 ,   10.5722 ,  By A. Nakanishi
 O4H2  ,   58,      250,  0.4774,    1051.7 , 0.13,    6.0633 ,  By A. Nakanishi
 O4H2  ,   58,      250,  0.4774,    1051.7 , 0.15,    3.8448 ,  By A. Nakanishi
 O4H2  ,   58,      300,  0.4524,    1095.0 , 0.1 ,    8.6609 ,  By A. Nakanishi
 O4H2  ,   58,      300,  0.4524,    1095.0 , 0.13,    4.6323 ,  By A. Nakanishi
 O4H2  ,   58,      300,  0.4524,    1095.0 , 0.15,    2.7546 ,  By A. Nakanishi
 O4H2  ,   58,      500,  0.4696,    1277.6 , 0.1 ,   11.9637 ,  By A. Nakanishi
 O4H2  ,   58,      500,  0.4696,    1277.6 , 0.13,    6.7245 ,  By A. Nakanishi
 O4H2  ,   58,      500,  0.4696,    1277.6 , 0.15,    4.1863 ,  By A. Nakanishi
 SiH4  ,   64,       70,        ,           , 0.10,    74.38  ,  https://doi.org/10.1103/PhysRevLett.101.077002
 SiH4  ,   64,      150,        ,           , 0.10,    20.55  ,  https://doi.org/10.1103/PhysRevLett.101.077002
 SiH4  ,   64,      200,        ,           , 0.10,    27.26  ,  https://doi.org/10.1103/PhysRevLett.101.077002
 SiH4  ,   64,      250,        ,           , 0.10,    50.41  ,  https://doi.org/10.1103/PhysRevLett.101.077002
 SiH4  ,   15,      300,  0.6821,    1181.2 , 0.13,   29.3617 ,  https://doi.org/10.1038/srep08845
 SiH4  ,   15,      340,  0.5776,    1363.4 , 0.13,   18.2979 ,  https://doi.org/10.1038/srep08845
 SiH4  ,   15,      380,  0.5254,    1444.1 , 0.13,   13.4043 ,  https://doi.org/10.1038/srep08845
 SiH4  ,   14,      400,  0.6612,    1434.7 , 0.13,   31.0638 ,  https://doi.org/10.1038/srep08845
 SiH4  ,   14,      500,  0.5821,    1581.2 , 0.13,   21.9149 ,  https://doi.org/10.1038/srep08845
 SiH4  ,   14,      600,  0.5224,    1444.1 , 0.13,   21.2766 ,  https://doi.org/10.1038/srep08845
 SiH4  ,   12,      610,  1.1791,    1370.9 , 0.13,  107.2340 ,  https://doi.org/10.1038/srep08845
 SiH4  ,   12,      700,  0.9701,    1979.3 , 0.13,   97.6596 ,  https://doi.org/10.1038/srep08845
 SiH4  ,   12,      800,  0.8552,    1919.2 , 0.13,   84.2553 ,  https://doi.org/10.1038/srep08845
 YH3   ,  225,     17.6,  1.4192,     352.9 , 0.10,   37.9856 ,  https://doi.org/10.1103/PhysRevLett.103.077002 
 YH3   ,  225,     23.0,  1.1274,     441.2 , 0.10,   36.3669 ,  https://doi.org/10.1103/PhysRevLett.103.077002
 YH3   ,  225,     28.9,  0.5562,     500   , 0.10,    8.8849 ,  https://doi.org/10.1103/PhysRevLett.103.077002
 YH3   ,  225,     51.9,  0.4630,     780   , 0.10,    6.7626 ,  https://doi.org/10.1103/PhysRevLett.103.077002
 YH3   ,  225,     62.1,  0.4466,     825.3 , 0.10,    6.1151 ,  https://doi.org/10.1103/PhysRevLett.103.077002
 YH3   ,  225,     67.5,  0.4260,     850.6 , 0.10,    4.8561 ,  https://doi.org/10.1103/PhysRevLett.103.077002
 YH3   ,  225,     73.1,  0.4041,     871.2 , 0.10,    3.7410 ,  https://doi.org/10.1103/PhysRevLett.103.077002
 YH3   ,  225,     17.6,  1.4192,     352.9 , 0.13,   34.4604 ,  https://doi.org/10.1103/PhysRevLett.103.077002
 YH3   ,  225,     23.0,  1.1274,     441.2 , 0.13,   31.8705 ,  https://doi.org/10.1103/PhysRevLett.103.077002
 YH3   ,  225,     28.9,  0.5562,     500   , 0.13,    5.8633 ,  https://doi.org/10.1103/PhysRevLett.103.077002
 YH3   ,  225,     51.9,  0.4630,     780   , 0.13,    3.6691 ,  https://doi.org/10.1103/PhysRevLett.103.077002
 YH3   ,  225,     62.1,  0.4466,     825.3 , 0.13,    3.2374 ,  https://doi.org/10.1103/PhysRevLett.103.077002
 YH3   ,  225,     67.5,  0.4260,     850.6 , 0.13,    2.3381 ,  https://doi.org/10.1103/PhysRevLett.103.077002
 YH3   ,  225,     73.1,  0.4041,     871.2 , 0.13,    1.6187 ,  https://doi.org/10.1103/PhysRevLett.103.077002
 PtH   ,  194,      100,    0.82,     293.6 , 0.10,   14.5    ,  https://doi.org/10.1103/PhysRevB.89.064302
 PtH   ,  194,      100,    0.82,     293.6 , 0.13,   11.8    ,  https://doi.org/10.1103/PhysRevB.89.064302
 PtH   ,  225,       77,        ,           , 0.10,   24      ,  https://doi.org/10.1103/PhysRevLett.107.117002
 PtH   ,  225,       85,    0.85,           , 0.06,   23      ,  https://doi.org/10.1088/0953-8984/24/3/035701
 PtH   ,  225,       85,    0.85,           , 0.10,   19      ,  https://doi.org/10.1088/0953-8984/24/3/035701
 PtH   ,  194,      105,        ,           , 0.06,   16      ,  https://doi.org/10.1088/0953-8984/24/3/035701
 PtH   ,  194,      105,        ,           , 0.10,   12      ,  https://doi.org/10.1088/0953-8984/24/3/035701
 RhH   ,  225,      4.8,        ,           , 0.10,    2.1    ,  https://doi.org/10.1103/PhysRevLett.107.117002
 PdH   ,  225,      6.6,        ,           , 0.10,   20      ,  https://doi.org/10.1103/PhysRevLett.107.117002
 IrH   ,  225,       80,        ,           , 0.10,    7      ,  https://doi.org/10.1103/PhysRevLett.107.117002
 AuH   ,  225,      220,        ,           , 0.10,   21      ,  https://doi.org/10.1103/PhysRevLett.107.117002
 LiH6  ,  166,      150, 0.6387 ,   1911.9  , 0.13,   38.34   ,  https://doi.org/10.1107/S2053229613028337
 LiH6  ,  166,      200, 0.6488 ,   1952.2  , 0.13,   41.17   ,  https://doi.org/10.1107/S2053229613028337
 LiH6  ,  166,      250, 0.7171 ,   1915.8  , 0.13,   54.87   ,  https://doi.org/10.1107/S2053229613028337
 LiH6  ,  166,      300, 0.8592 ,   1837.2  , 0.13,   81.80   ,  https://doi.org/10.1107/S2053229613028337
 LiH8  ,   97,      100, 0.6353 ,   1576.8  , 0.13,   31.04   ,  https://doi.org/10.1107/S2053229613028337
 LiH8  ,   97,      150, 0.6397 ,   1709.4  , 0.13,   34.57   ,  https://doi.org/10.1107/S2053229613028337
 LiH8  ,   97,      200, 0.6458 ,   1756.2  , 0.13,   36.52   ,  https://doi.org/10.1107/S2053229613028337
 ArH4  ,  139,     1500, 0.9131 ,   1434.92 , 0.13,   72.4089 ,  By T. Ishikawa
 ArH4  ,  139,     1600, 0.9068 ,   1425.69 , 0.13,   70.9599 ,  By T. Ishikawa
 ArH4  ,  139,     1700, 0.8127 ,   1402.75 , 0.13,   55.1061 ,  By T. Ishikawa
 ArH4  ,  139,     1800, 0.7947 ,   1400.56 , 0.13,   52.1820 ,  By T. Ishikawa
 ArH4  ,  139,     1900, 0.7929 ,   1403.13 , 0.13,   52.0050 ,  By T. Ishikawa
 ArH4  ,  139,     2000, 0.7959 ,   1395.04 , 0.13,   52.1661 ,  By T. Ishikawa
 ArH2  ,   12,     1500, 0.8817 ,   1421.73 , 0.13,   66.8281 ,  By T. Ishikawa
 ArH2  ,   12,     1600, 0.8926 ,   1320.38 , 0.13,   63.6579 ,  By T. Ishikawa
 ArH2  ,   12,     1700, 0.8824 ,   1257.99 , 0.13,   59.2291 ,  By T. Ishikawa
 ArH2  ,   12,     1800, 0.8556 ,   1372.59 , 0.13,   60.5324 ,  By T. Ishikawa
 ArH2  ,   12,     1900, 0.8367 ,   1267.83 , 0.13,   53.2339 ,  By T. Ishikawa
 ArH2  ,   12,     2000, 0.8041 ,   1328.32 , 0.13,   50.9011 ,  By T. Ishikawa
 ArH2  ,   62,     1400, 0.3192 ,   1253.14 , 0.13,    0.2369 ,  By T. Ishikawa
 ArH   ,    2,     1000, 0.2917 ,    380.35 , 0.13,    0.0190 ,  By T. Ishikawa
 ArH   ,    2,     1200, 0.4357 ,    530.91 , 0.13,    1.7753 ,  By T. Ishikawa
 ArH   ,    2,     1400, 0.5288 ,    618.92 , 0.13,    5.9378 ,  By T. Ishikawa
 HfH2  ,  139,   0.0001, 0.327  ,    183.82 , 0.10,    0.192  ,  https://doi.org/10.1038/srep11381 
 HfH2  ,  139,   0.0001, 0.327  ,    183.82 , 0.13,    0.047  ,  https://doi.org/10.1038/srep11381
 HfH2  ,  139,       10, 0.294  ,    201.20 , 0.10,    0.081  ,  https://doi.org/10.1038/srep11381
 HfH2  ,  139,       10, 0.294  ,    201.20 , 0.13,    0.012  ,  https://doi.org/10.1038/srep11381
 HfH2  ,  139,       30, 0.26   ,    229.21 , 0.10,    0.021  ,  https://doi.org/10.1038/srep11381
 HfH2  ,  139,       30, 0.26   ,    229.21 , 0.13,    0.001  ,  https://doi.org/10.1038/srep11381
 HfH2  ,  139,       50, 0.242  ,    253.17 , 0.10,    0.008  ,  https://doi.org/10.1038/srep11381
 HfH2  ,   67,      180, 0.643  ,    292.71 , 0.10,    8.159  ,  https://doi.org/10.1038/srep11381
 HfH2  ,   67,      180, 0.643  ,    292.71 , 0.13,    5.988  ,  https://doi.org/10.1038/srep11381
 HfH2  ,   67,      240, 0.59   ,    285.24 , 0.10,    6.207  ,  https://doi.org/10.1038/srep11381
 HfH2  ,   67,      240, 0.59   ,    285.24 , 0.13,    4.322  ,  https://doi.org/10.1038/srep11381
 HfH2  ,   11,      260, 0.871  ,    232.06 , 0.10,   12.804  ,  https://doi.org/10.1038/srep11381
 HfH2  ,   11,      260, 0.871  ,    232.06 , 0.13,   10.62   ,  https://doi.org/10.1038/srep11381
 HfH2  ,   11,      280, 0.787  ,    218.68 , 0.10,    7.962  ,  https://doi.org/10.1038/srep11381
 HfH2  ,   11,      280, 0.787  ,    218.68 , 0.13,    9.911  ,  https://doi.org/10.1038/srep11381
 PH3   ,   19,      100, 0.53   ,    990    , 0.13,    9.0    ,  https://doi.org/10.1021/acs.jpcc.5b12009
 PH3   ,   12,      200, 1.45   ,    826    , 0.13,   83      ,  https://doi.org/10.1021/acs.jpcc.5b12009
 PH2   ,   12,      100, 1.05   ,    655.1  , 0.10,   49.0    ,  https://doi.org/10.1021/jacs.5b10180
 PH2   ,   12,      100, 1.05   ,    655.1  , 0.18,   32.1    ,  https://doi.org/10.1021/jacs.5b10180
 PH2   ,   12,      150, 1.0    ,    798.1  , 0.10,   55.5    ,  https://doi.org/10.1021/jacs.5b10180
 PH2   ,   12,      150, 1.0    ,    798.1  , 0.18,   35.2    ,  https://doi.org/10.1021/jacs.5b10180
 PH2   ,   12,      200, 1.04   ,   1026.5  , 0.10,   75.6    ,  https://doi.org/10.1021/jacs.5b10180
 PH2   ,   12,      200, 1.04   ,   1026.5  , 0.18,   49.2    ,  https://doi.org/10.1021/jacs.5b10180
 PH2   ,  139,      150, 0.86   ,    946.2  , 0.10,   50.6    ,  https://doi.org/10.1021/jacs.5b10180
 PH2   ,  139,      150, 0.86   ,    946.2  , 0.18,   28.3    ,  https://doi.org/10.1021/jacs.5b10180
 PH2   ,  139,      200, 1.13   ,    851.6  , 0.10,   70.4    ,  https://doi.org/10.1021/jacs.5b10180
 PH2   ,  139,      200, 1.13   ,    851.6  , 0.18,   48.0    ,  https://doi.org/10.1021/jacs.5b10180
 HSe2  ,   12,      300, 0.45   ,    647    , 0.1 ,    5      ,  https://doi.org/10.1038/srep15433
 HSe   ,   14,      300, 0.65   ,    832    , 0.1 ,   23      ,  https://doi.org/10.1038/srep15433
 HSe   ,  129,      250, 0.81   ,    813    , 0.1 ,   39      ,  https://doi.org/10.1038/srep15433
 HSe   ,  129,      300, 0.80   ,    885    , 0.1 ,   42      ,  https://doi.org/10.1038/srep15433
 H3Se  ,  229,      200, 1.09   ,   1477    , 0.1 ,  116      ,  https://doi.org/10.1038/srep15433
 H3Se  ,  229,      250, 1.04   ,   1498    , 0.1 ,  111      ,  https://doi.org/10.1038/srep15433
 H3Se  ,  229,      300, 1.04   ,   1492    , 0.1 ,  110      ,  https://doi.org/10.1038/srep15433
 PbH8  ,   12,      200, 1.296  ,   1051    , 0.1 ,  103      ,  https://doi.org/10.1038/srep16475
 HCl   ,   12,      250, 0.56   ,   1094    , 0.1 ,   20      ,  https://doi.org/10.1021/acs.jpcc.5b01653
 HCl   ,   12,      250, 0.56   ,   1094    , 0.13,   13      ,  https://doi.org/10.1021/acs.jpcc.5b01653
 HBr   ,   12,      120, 0.27   ,    834    , 0.1 ,    0.12   ,  https://doi.org/10.1021/acs.jpcc.5b01653
 HBr   ,   12,      120, 0.27   ,    834    , 0.13,    0.0097 ,  https://doi.org/10.1021/acs.jpcc.5b01653
 AlH5  ,   11,      250, 1.625  ,    949    , 0.1 ,  146      ,  https://doi.org/10.1039/C4RA14990D
 AlH5  ,   11,      250, 1.625  ,    949    , 0.13,  132      ,  https://doi.org/10.1039/C4RA14990D
 BH    ,  191,      100, 0.74   ,    985.0  , 0.13,   30.8    ,  https://doi.org/10.1103/PhysRevLett.110.165504
 BH    ,  191,      100, 0.74   ,    985.0  , 0.10,   39.2    ,  https://doi.org/10.1103/PhysRevLett.110.165504
 BH    ,  191,      125, 0.65   ,   1100.5  , 0.13,   23.7    ,  https://doi.org/10.1103/PhysRevLett.110.165504
 BH    ,  191,      125, 0.65   ,   1100.5  , 0.10,   32.0    ,  https://doi.org/10.1103/PhysRevLett.110.165504
 BH    ,  191,      150, 0.59   ,   1233.6  , 0.13,   18.7    ,  https://doi.org/10.1103/PhysRevLett.110.165504
 BH    ,  191,      150, 0.59   ,   1233.6  , 0.10,   26.9    ,  https://doi.org/10.1103/PhysRevLett.110.165504
 BH    ,  191,      175, 0.55   ,   1261.8  , 0.13,   14.1    ,  https://doi.org/10.1103/PhysRevLett.110.165504
 BH    ,  191,      175, 0.55   ,   1261.8  , 0.10,   21.4    ,  https://doi.org/10.1103/PhysRevLett.110.165504
 BH    ,  191,      200, 0.51   ,   1394.4  , 0.13,   11.7    ,  https://doi.org/10.1103/PhysRevLett.110.165504
 BH    ,  191,      200, 0.51   ,   1394.4  , 0.10,   18.8    ,  https://doi.org/10.1103/PhysRevLett.110.165504
 PoH   ,  194,      300, 0.33   ,    806.1  , 0.13,    0.14   ,  https://arxiv.org/abs/1503.08587    
 PoH   ,  194,      300, 0.33   ,    806.1  , 0.10,    0.65   ,  https://arxiv.org/abs/1503.08587
 PoH2  ,   62,      200, 0.19   ,    712.9  , 0.13,    0.0001 ,  https://arxiv.org/abs/1503.08587
 PoH2  ,   62,      200, 0.19   ,    712.9  , 0.10,    0.0001 ,  https://arxiv.org/abs/1503.08587
 PoH4  ,   15,      200, 1.09   ,    602.6  , 0.13,   41.1    ,  https://arxiv.org/abs/1503.08587
 PoH4  ,   15,      200, 1.09   ,    602.6  , 0.10,   47.2    ,  https://arxiv.org/abs/1503.08587
 PoH6  ,   12,      200, 0.43   ,    836.1  , 0.13,    2.25   ,  https://arxiv.org/abs/1503.08587
 PoH6  ,   12,      200, 0.43   ,    836.1  , 0.10,    4.68   ,  https://arxiv.org/abs/1503.08587
 SnH4  ,   40,      120, 0.61   ,    905    , 0.13,   15      ,  https://doi.org/10.1073/pnas.0908342107
 SnH4  ,   40,      120, 0.61   ,    905    , 0.10,   22      ,  https://doi.org/10.1073/pnas.0908342107
 SnH4  ,  194,      200, 0.87   ,   1135    , 0.13,   52      ,  https://doi.org/10.1073/pnas.0908342107
 SnH4  ,  194,      200, 0.87   ,   1135    , 0.10,   62      ,  https://doi.org/10.1073/pnas.0908342107
 SnH4  ,  139,      220, 1.180  ,   1025    , 0.10,   91      ,  https://doi.org/10.1038/srep22873
 SnH4  ,  139,      220, 1.180  ,   1025    , 0.13,   80      ,  https://doi.org/10.1038/srep22873
 SnH8  ,  119,      220, 1.188  ,    919    , 0.10,   81      ,  https://doi.org/10.1038/srep22873
 SnH8  ,  119,      220, 1.188  ,    919    , 0.13,   72      ,  https://doi.org/10.1038/srep22873
 SnH12 ,   12,      250, 1.250  ,    991    , 0.10,   93      ,  https://doi.org/10.1038/srep22873
 SnH12 ,   12,      250, 1.250  ,    991    , 0.13,   83      ,  https://doi.org/10.1038/srep22873
 SnH14 ,   12,      300, 1.187  ,   1099    , 0.10,   97      ,  https://doi.org/10.1038/srep22873
 SnH14 ,   12,      300, 1.187  ,   1099    , 0.13,   86      ,  https://doi.org/10.1038/srep22873
 H4Te  ,  191,      170, 1.461  ,    940.259, 0.10,  104.47   ,  https://doi.org/10.1103/PhysRevLett.116.057002
 H4Te  ,  191,      170, 1.461  ,    940.259, 0.13,   95.00   ,  https://doi.org/10.1103/PhysRevLett.116.057002
 H4Te  ,  191,      170, 1.461  ,    940.259, 0.16,   85.60   ,  https://doi.org/10.1103/PhysRevLett.116.057002
 H4Te  ,  191,      170, 1.461  ,    940.259, 0.20,   73.21   ,  https://doi.org/10.1103/PhysRevLett.116.057002
 H4Te  ,  191,      200, 1.403  ,    929.110, 0.10,   99.18   ,  https://doi.org/10.1103/PhysRevLett.116.057002
 H4Te  ,  191,      200, 1.403  ,    929.110, 0.13,   89.80   ,  https://doi.org/10.1103/PhysRevLett.116.057002
 H4Te  ,  191,      200, 1.403  ,    929.110, 0.16,   80.49   ,  https://doi.org/10.1103/PhysRevLett.116.057002
 H4Te  ,  191,      200, 1.403  ,    929.110, 0.20,   68.28   ,  https://doi.org/10.1103/PhysRevLett.116.057002
 H4Te  ,  191,      230, 1.422  ,    844.188, 0.10,   91.33   ,  https://doi.org/10.1103/PhysRevLett.116.057002
 H4Te  ,  191,      230, 1.422  ,    844.188, 0.13,   82.81   ,  https://doi.org/10.1103/PhysRevLett.116.057002
 H4Te  ,  191,      230, 1.422  ,    844.188, 0.16,   74.35   ,  https://doi.org/10.1103/PhysRevLett.116.057002
 H4Te  ,  191,      230, 1.422  ,    844.188, 0.20,   63.25   ,  https://doi.org/10.1103/PhysRevLett.116.057002
 H4Te  ,  166,      270, 0.923  ,   1237.535, 0.10,   75.66   ,  https://doi.org/10.1103/PhysRevLett.116.057002
 H4Te  ,  166,      270, 0.923  ,   1237.535, 0.13,   63.74   ,  https://doi.org/10.1103/PhysRevLett.116.057002
 H4Te  ,  166,      270, 0.923  ,   1237.535, 0.16,   52.41   ,  https://doi.org/10.1103/PhysRevLett.116.057002
 H4Te  ,  166,      270, 0.923  ,   1237.535, 0.20,   38.52   ,  https://doi.org/10.1103/PhysRevLett.116.057002
 H4Te  ,  166,      300, 0.842  ,   1307.098, 0.10,   67.70   ,  https://doi.org/10.1103/PhysRevLett.116.057002
 H4Te  ,  166,      300, 0.842  ,   1307.098, 0.13,   55.60   ,  https://doi.org/10.1103/PhysRevLett.116.057002
 H4Te  ,  166,      300, 0.842  ,   1307.098, 0.16,   44.30   ,  https://doi.org/10.1103/PhysRevLett.116.057002
 H4Te  ,  166,      300, 0.842  ,   1307.098, 0.20,   30.82   ,  https://doi.org/10.1103/PhysRevLett.116.057002
 H5Te2 ,   12,      200, 1.135  ,    790.315, 0.10,   57.98   ,  https://doi.org/10.1103/PhysRevLett.116.057002
 H5Te2 ,   12,      200, 1.135  ,    790.315, 0.13,   47.10   ,  https://doi.org/10.1103/PhysRevLett.116.057002
 H5Te2 ,   12,      200, 1.135  ,    790.315, 0.16,   38.65   ,  https://doi.org/10.1103/PhysRevLett.116.057002
 H5Te2 ,   12,      200, 1.135  ,    790.315, 0.20,   26.12   ,  https://doi.org/10.1103/PhysRevLett.116.057002
 H5Te2 ,   12,      300, 0.772  ,   1058.281, 0.10,   46.00   ,  https://doi.org/10.1103/PhysRevLett.116.057002
 H5Te2 ,   12,      300, 0.772  ,   1058.281, 0.13,   36.70   ,  https://doi.org/10.1103/PhysRevLett.116.057002
 H5Te2 ,   12,      300, 0.772  ,   1058.281, 0.16,   28.20   ,  https://doi.org/10.1103/PhysRevLett.116.057002
 H5Te2 ,   12,      300, 0.772  ,   1058.281, 0.20,   18.39   ,  https://doi.org/10.1103/PhysRevLett.116.057002
 HTe   ,  129,      150, 0.712  ,    781.559, 0.10,   28.28   ,  https://doi.org/10.1103/PhysRevLett.116.057002
 HTe   ,  129,      150, 0.712  ,    781.559, 0.13,   21.83   ,  https://doi.org/10.1103/PhysRevLett.116.057002
 HTe   ,  129,      150, 0.712  ,    781.559, 0.16,   16.10   ,  https://doi.org/10.1103/PhysRevLett.116.057002
 HTe   ,  129,      150, 0.712  ,    781.559, 0.20,    9.72   ,  https://doi.org/10.1103/PhysRevLett.116.057002
 HTe   ,  129,      200, 0.579  ,    914.586, 0.10,   18.71   ,  https://doi.org/10.1103/PhysRevLett.116.057002
 HTe   ,  129,      200, 0.579  ,    914.586, 0.13,   12.85   ,  https://doi.org/10.1103/PhysRevLett.116.057002
 HTe   ,  129,      200, 0.579  ,    914.586, 0.16,    8.10   ,  https://doi.org/10.1103/PhysRevLett.116.057002
 HTe   ,  129,      200, 0.579  ,    914.586, 0.20,    3.63   ,  https://doi.org/10.1103/PhysRevLett.116.057002
 HTe   ,  194,      300, 1.0723 ,    573.634, 0.10,   44.26   ,  https://doi.org/10.1103/PhysRevLett.116.057002
 HTe   ,  194,      300, 1.0723 ,    573.634, 0.13,   38.52   ,  https://doi.org/10.1103/PhysRevLett.116.057002
 HTe   ,  194,      300, 1.0723 ,    573.634, 0.16,   33.64   ,  https://doi.org/10.1103/PhysRevLett.116.057002
 HTe   ,  194,      300, 1.0723 ,    573.634, 0.20,   25.90   ,  https://doi.org/10.1103/PhysRevLett.116.057002
 TcH2  ,  139,      100, 0.467  ,    592    , 0.10,    5.42   ,  https://doi.org/10.1039/C6CP05702K
 TcH2  ,  139,      100, 0.467  ,    592    , 0.13,    3.03   ,  https://doi.org/10.1039/C6CP05702K
 TcH2  ,  139,      150, 0.473  ,    651    , 0.10,    6.31   ,  https://doi.org/10.1039/C6CP05702K
 TcH2  ,  139,      150, 0.473  ,    651    , 0.13,    3.58   ,  https://doi.org/10.1039/C6CP05702K
 TcH2  ,  139,      200, 0.523  ,    736    , 0.10,   10.65   ,  https://doi.org/10.1039/C6CP05702K
 TcH2  ,  139,      200, 0.523  ,    736    , 0.13,    6.73   ,  https://doi.org/10.1039/C6CP05702K
 TcH2  ,   63,      300, 0.486  ,    793    , 0.10,    8.61   ,  https://doi.org/10.1039/C6CP05702K
 TcH2  ,   63,      300, 0.486  ,    793    , 0.13,    5.05   ,  https://doi.org/10.1039/C6CP05702K
 TcH3  ,  131,      300, 0.531  ,    620    , 0.10,    9.94   ,  https://doi.org/10.1039/C6CP05702K
 TcH3  ,  131,      300, 0.531  ,    620    , 0.13,    6.74   ,  https://doi.org/10.1039/C6CP05702K
 OsH   ,  225,      100, 0.42   ,    347.84 , 0.10,    2.1    ,  https://doi.org/10.1103/10.1021/acs.jpcc.5b03791
 NbH   ,   66,   0.0001, 0.51   ,    188    , 0.10,    2.4    ,  https://doi.org/10.1103/PhysRevB.88.184104
 NbH   ,   66,   0.0001, 0.51   ,    188    , 0.13,    1.5    ,  https://doi.org/10.1103/PhysRevB.88.184104
 NbH2  ,  225,   0.0001, 0.48   ,    251    , 0.10,    2.6    ,  https://doi.org/10.1103/PhysRevB.88.184104
 NbH2  ,  225,   0.0001, 0.48   ,    251    , 0.13,    1.5    ,  https://doi.org/10.1103/PhysRevB.88.184104
 NbH2  ,  225,       50, 0.41   ,    303    , 0.10,    1.5    ,  https://doi.org/10.1103/PhysRevB.88.184104
 NbH2  ,  225,       50, 0.41   ,    303    , 0.13,    0.7    ,  https://doi.org/10.1103/PhysRevB.88.184104
 NbH4  ,  139,      300, 0.82   ,    938    , 0.10,   47      ,  https://doi.org/10.1103/PhysRevB.88.184104   
 NbH4  ,  139,      300, 0.82   ,    938    , 0.13,   38      ,  https://doi.org/10.1103/PhysRevB.88.184104
 CaH6  ,  229,      150,        ,           , 0.10,  172      ,  https://doi.org/10.1073/pnas.1118168109
 CaH6  ,  229,      150,        ,           , 0.13,  163      ,  https://doi.org/10.1073/pnas.1118168109
 KH6   ,   15,      166, 0.91   ,   1164.72 , 0.13,   58.66   ,  https://doi.org/10.1103/PhysRevB.86.014118      
 KH6   ,   15,      166, 0.91   ,   1164.72 , 0.10,   69.84   ,  https://doi.org/10.1103/PhysRevB.86.014118
 KH6   ,   15,      230,        ,           , 0.13,   57.95   ,  https://doi.org/10.1103/PhysRevB.86.014118
 KH6   ,   15,      230,        ,           , 0.10,   69.60   ,  https://doi.org/10.1103/PhysRevB.86.014118
 KH6   ,   15,      300,        ,           , 0.13,   46.05   ,  https://doi.org/10.1103/PhysRevB.86.014118
 KH6   ,   15,      300,        ,           , 0.10,   57.42   ,  https://doi.org/10.1103/PhysRevB.86.014118
 BiH   ,  194,      250, 0.76   ,    699.17 , 0.10,   29.40   ,  https://arxiv.org/abs/1511.05291
 BiH   ,  194,      250, 0.76   ,    699.17 , 0.13,   23.32   ,  https://arxiv.org/abs/1511.05291
 BiH   ,  194,      300, 0.61   ,    792.43 , 0.10,   19.04   ,  https://arxiv.org/abs/1511.05291
 BiH   ,  194,      300, 0.61   ,    792.43 , 0.13,   13.55   ,  https://arxiv.org/abs/1511.05291
 BiH2  ,   11,      150, 1.34   ,    506.80 , 0.10,   51.54   ,  https://arxiv.org/abs/1511.05291
 BiH2  ,   11,      150, 1.34   ,    506.80 , 0.13,   46.41   ,  https://arxiv.org/abs/1511.05291
 BiH2  ,   11,      200, 1.07   ,    706.70 , 0.10,   54.38   ,  https://arxiv.org/abs/1511.05291
 BiH2  ,   11,      200, 1.07   ,    706.70 , 0.13,   47.31   ,  https://arxiv.org/abs/1511.05291
 BiH2  ,   11,      250, 0.99   ,    841.53 , 0.10,   57.70   ,  https://arxiv.org/abs/1511.05291
 BiH2  ,   11,      250, 0.99   ,    841.53 , 0.13,   49.42   ,  https://arxiv.org/abs/1511.05291
 BiH2  ,   11,      300, 0.96   ,    917.48 , 0.10,   59.91   ,  https://arxiv.org/abs/1511.05291
 BiH2  ,   11,      300, 0.96   ,    917.48 , 0.13,   50.95   ,  https://arxiv.org/abs/1511.05291
 BiH4  ,   58,      150, 1.27   ,    864.72 , 0.10,   82.82   ,  https://arxiv.org/abs/1511.05291
 BiH4  ,   58,      150, 1.27   ,    864.72 , 0.13,   74.06   ,  https://arxiv.org/abs/1511.05291
 BiH4  ,   58,      200, 1.10   ,   1008.85 , 0.10,   80.67   ,  https://arxiv.org/abs/1511.05291
 BiH4  ,   58,      200, 1.10   ,   1008.85 , 0.13,   70.54   ,  https://arxiv.org/abs/1511.05291
 BiH4  ,   58,      250, 0.97   ,   1101.09 , 0.10,   73.11   ,  https://arxiv.org/abs/1511.05291
 BiH4  ,   58,      250, 0.97   ,   1101.09 , 0.13,   62.33   ,  https://arxiv.org/abs/1511.05291
 BiH4  ,   58,      300, 0.92   ,   1150.38 , 0.10,   69.99   ,  https://arxiv.org/abs/1511.05291
 BiH4  ,   58,      300, 0.92   ,   1150.38 , 0.13,   58.92   ,  https://arxiv.org/abs/1511.05291
 BiH5  ,   12,      200, 1.23   ,   1021.90 , 0.10,   94.27   ,  https://arxiv.org/abs/1511.05291
 BiH5  ,   12,      200, 1.23   ,   1021.90 , 0.13,   83.92   ,  https://arxiv.org/abs/1511.05291
 BiH5  ,   12,      250, 1.45   ,    801.68 , 0.10,   88.44   ,  https://arxiv.org/abs/1511.05291
 BiH5  ,   12,      250, 1.45   ,    801.68 , 0.13,   80.36   ,  https://arxiv.org/abs/1511.05291
 BiH5  ,   12,      300, 1.20   ,   1220.96 , 0.10,  109.31   ,  https://arxiv.org/abs/1511.05291
 BiH5  ,   12,      300, 1.20   ,   1220.96 , 0.13,   96.96   ,  https://arxiv.org/abs/1511.05291
 BiH6  ,    2,      200, 1.26   ,    934.62 , 0.10,   88.73   ,  https://arxiv.org/abs/1511.05291
 BiH6  ,    2,      200, 1.26   ,    934.62 , 0.13,   79.24   ,  https://arxiv.org/abs/1511.05291
 BiH6  ,    2,      250, 1.24   ,   1035.33 , 0.10,   96.43   ,  https://arxiv.org/abs/1511.05291
 BiH6  ,    2,      250, 1.24   ,   1035.33 , 0.13,   85.95   ,  https://arxiv.org/abs/1511.05291
 BiH6  ,    2,      300, 1.23   ,   1102.82 , 0.10,  101.74   ,  https://arxiv.org/abs/1511.05291
 BiH6  ,    2,      300, 1.23   ,   1102.82 , 0.13,   90.57   ,  https://arxiv.org/abs/1511.05291
 BeH2  ,   63,      250, 0.63   ,   1729    , 0.12,   38      ,  https://doi.org/10.1063/1.4869145
 BeH2  ,   63,      300,        ,           , 0.12,   41      ,  https://doi.org/10.1063/1.4869145
 MgH2  ,  194,      180, 0.58   ,   1111    , 0.13,   16      ,  https://doi.org/10.1103/PhysRevB.87.054107       
 MgH2  ,  194,      180, 0.58   ,   1111    , 0.10,   23      ,  https://doi.org/10.1103/PhysRevB.87.054107
 MgH4  ,   63,      100, 0.74   ,    941    , 0.13,   29      ,  https://doi.org/10.1103/PhysRevB.87.054107
 MgH4  ,   63,      100, 0.74   ,    941    , 0.10,   37      ,  https://doi.org/10.1103/PhysRevB.87.054107
 MgH12 ,  146,      140, 0.73   ,   1554    , 0.13,   47      ,  https://doi.org/10.1103/PhysRevB.87.054107
 MgH12 ,  146,      140, 0.73   ,   1554    , 0.10,   60      ,  https://doi.org/10.1103/PhysRevB.87.054107
 BaH6  ,  123,      100, 0.77   ,    878    , 0.13,   30      ,  https://doi.org/10.1021/jp311571n
 BaH6  ,  123,      100, 0.77   ,    878    , 0.10,   38      ,  https://doi.org/10.1021/jp311571n
 BaH2  ,  164,       60, 0.22   ,    780    , 0.10,    0.004  ,  https://doi.org/10.1021/10.1016/j.ssc.2009.07.044     
 BaH2  ,  164,       60, 0.22   ,    780    , 0.12,    0.0002 ,  https://doi.org/10.1021/10.1016/j.ssc.2009.07.044
 AsH   ,   63,      300, 0.59   ,    995    , 0.10,   21.2    ,  https://doi.org/10.1021/acs.chemmater.5b04638     
 AsH   ,   63,      400, 0.55   ,   1166    , 0.10,   20.2    ,  https://doi.org/10.1021/acs.chemmater.5b04638
 AsH8  ,   15,      350, 1.50   ,   1240    , 0.10,  141.0    ,  https://doi.org/10.1021/acs.chemmater.5b04638
 AsH8  ,   15,      400, 1.63   ,   1169    , 0.10,  143.9    ,  https://doi.org/10.1021/acs.chemmater.5b04638
 AsH8  ,   15,      450, 1.77   ,   1153    , 0.10,  151.4    ,  https://doi.org/10.1021/acs.chemmater.5b04638
 SbH   ,   62,      175, 0.57   ,    736    , 0.10,   14.6    ,  https://doi.org/10.1021/acs.chemmater.5b04638
 SbH   ,   62,      215, 0.51   ,    820    , 0.10,   10.5    ,  https://doi.org/10.1021/acs.chemmater.5b04638
 SbH   ,   62,      255, 0.47   ,    877    , 0.10,    8.5    ,  https://doi.org/10.1021/acs.chemmater.5b04638
 SbH   ,   62,      295, 0.45   ,    890    , 0.10,    6.8    ,  https://doi.org/10.1021/acs.chemmater.5b04638
 SbH3  ,   59,      300, 0.61   ,   1100    , 0.10,   25.9    ,  https://doi.org/10.1021/acs.chemmater.5b04638
 SbH3  ,   59,      400, 0.56   ,   1112    , 0.10,   19.8    ,  https://doi.org/10.1021/acs.chemmater.5b04638
 SbH4  ,  194,      150, 1.28   ,   1054    , 0.10,  102.2    ,  https://doi.org/10.1021/acs.chemmater.5b04638
 SbH4  ,  194,      200, 1.21   ,   1133    , 0.10,  102.3    ,  https://doi.org/10.1021/acs.chemmater.5b04638
 SbH4  ,  194,      250, 1.18   ,   1145    , 0.10,   99.9    ,  https://doi.org/10.1021/acs.chemmater.5b04638
 SbH4  ,  194,      300, 1.16   ,   1090    , 0.10,   93.9    ,  https://doi.org/10.1021/acs.chemmater.5b04638
 H2I   ,   63,      100, 0.51   ,    608.7  , 0.10,    7.8    ,  https://doi.org/10.1021/acs.jpclett.5b01839
 H2I   ,   63,      100, 0.51   ,    608.7  , 0.13,    4.8    ,  https://doi.org/10.1021/acs.jpclett.5b01839
 H4I   ,  191,      100, 0.58   ,    854.3  , 0.10,   17.5    ,  https://doi.org/10.1021/acs.jpclett.5b01839
 H4I   ,  191,      100, 0.58   ,    854.3  , 0.13,   12.0    ,  https://doi.org/10.1021/acs.jpclett.5b01839
 H4I   ,  191,      150, 0.56   ,   1097.4  , 0.10,   20.4    ,  https://doi.org/10.1021/acs.jpclett.5b01839
 H4I   ,  191,      150, 0.56   ,   1097.4  , 0.13,   13.7    ,  https://doi.org/10.1021/acs.jpclett.5b01839
 GeH4  ,   12,      280, 0.895  ,   1162    , 0.10,   67      ,  https://doi.org/10.1103/PhysRevB.95.134506
 GeH4  ,   12,      280, 0.895  ,   1162    , 0.13,   56      ,  https://doi.org/10.1103/PhysRevB.95.134506
 GeH4  ,   12,      300, 0.867  ,   1154    , 0.10,   63      ,  https://doi.org/10.1103/PhysRevB.95.134506
 GeH4  ,   12,      300, 0.867  ,   1154    , 0.13,   52      ,  https://doi.org/10.1103/PhysRevB.95.134506
 Ge3H11,  119,      285, 0.721  ,   1155    , 0.10,   43      ,  https://doi.org/10.1103/PhysRevB.95.134506
 Ge3H11,  119,      285, 0.721  ,   1155    , 0.13,   34      ,  https://doi.org/10.1103/PhysRevB.95.134506
 Ge3H11,  119,      300, 0.690  ,   1140    , 0.10,   38      ,  https://doi.org/10.1103/PhysRevB.95.134506
 Ge3H11,  119,      300, 0.690  ,   1140    , 0.13,   29      ,  https://doi.org/10.1103/PhysRevB.95.134506
 Ge3H11,  119,      320, 0.668  ,   1127    , 0.10,   35      ,  https://doi.org/10.1103/PhysRevB.95.134506
 Ge3H11,  119,      320, 0.668  ,   1127    , 0.13,   26      ,  https://doi.org/10.1103/PhysRevB.95.134506
 GeH4  ,   40,      250, 0.88   ,   1011    , 0.13,   47      ,  https://doi.org/10.1039/C5CP03807C
 GeH4  ,   40,      250, 0.88   ,   1011    , 0.10,   57      ,  https://doi.org/10.1039/C5CP03807C
 GeH4  ,   15,      500, 0.92   ,   1374    , 0.13,   70      ,  https://doi.org/10.1039/C5CP03807C
 GeH4  ,   15,      500, 0.92   ,   1374    , 0.10,   84      ,  https://doi.org/10.1039/C5CP03807C 
 N4H   ,   36,       55,        ,           , 0.13,    2.6    ,  https://doi.org/10.3847/1538-4357/834/1/29
 N2H   ,   14,       60,        ,           , 0.13,    7.8    ,  https://doi.org/10.3847/1538-4357/834/1/29
 FeH5  ,  139,      130, 1.40   ,    614    , 0.10,   51      ,  https://doi.org/10.1103/PhysRevB.96.201107
 FeH5  ,  139,      200, 1.10   ,    600    , 0.10,   48      ,  https://doi.org/10.1103/PhysRevB.96.201107
 CoH   ,  225,        5, 0.28   ,    361.8  , 0.10,    0.11   ,  https://doi.org/10.1021/acs.inorgchem.7b02371
 SeH6  ,   51,      150,    0.84,     762.78, 0.10,         39,  https://doi.org/10.1002/pssb.201800224
 SeH6  ,   51,      200,    0.73,     724.34, 0.10,         28,  https://doi.org/10.1002/pssb.201800224
 SeH6  ,   51,      300,    0.62,    1039.82, 0.10,         26,  https://doi.org/10.1002/pssb.201800224
 SeH6  ,   51,      150,    0.84,     762.78, 0.13,         32,  https://doi.org/10.1002/pssb.201800224
 SeH6  ,   51,      200,    0.73,     724.34, 0.13,         22,  https://doi.org/10.1002/pssb.201800224
 SeH6  ,   51,      300,    0.62,    1039.82, 0.13,         19,  https://doi.org/10.1002/pssb.201800224
 SeH6  ,   12,      265,    1.06,    1158.31, 0.10,         87,  https://doi.org/10.1002/pssb.201800224
 SeH6  ,   12,      270,    1.05,    1157.37, 0.10,         86,  https://doi.org/10.1002/pssb.201800224
 SeH6  ,   12,      300,    1.62,     585.26, 0.10,         56,  https://doi.org/10.1002/pssb.201800224
 SeH6  ,   12,      265,    1.06,    1158.31, 0.13,         76,  https://doi.org/10.1002/pssb.201800224
 SeH6  ,   12,      270,    1.05,    1157.37, 0.13,         75,  https://doi.org/10.1002/pssb.201800224
 SeH6  ,   12,      300,    1.62,     585.26, 0.13,         50,  https://doi.org/10.1002/pssb.201800224
 ScH2  ,  191,      300,    0.44,      543.5, 0.10,          4,  https://doi.org/10.1021/acs.jpcc.7b12124
 ScH3  ,  194,      400,    0.17,      571.8, 0.10,          1,  https://doi.org/10.1021/acs.jpcc.7b12124
 ScH4  ,  139,      120,    1.68,      734.3, 0.10,         92,  https://doi.org/10.1021/acs.jpcc.7b12124
 ScH4  ,  139,      250,    0.81,     1891.8, 0.10,         68,  https://doi.org/10.1021/acs.jpcc.7b12124
 ScH6  ,  194,      250,    0.57,     1439.8, 0.10,         29,  https://doi.org/10.1021/acs.jpcc.7b12124
 ScH6  ,  229,      350,    1.25,     1433.4, 0.10,        135,  https://doi.org/10.1021/acs.jpcc.7b12124
 ScH7  ,   63,      300,    1.84,     1245.2, 0.10,        169,  https://doi.org/10.1021/acs.jpcc.7b12124
 ScH9  ,  109,      300,    1.94,     1156.2, 0.10,        163,  https://doi.org/10.1021/acs.jpcc.7b12124
 ScH10 ,   63,      250,    1.17,     1366.8, 0.10,        120,  https://doi.org/10.1021/acs.jpcc.7b12124
 ScH12 ,   71,      350,    1.23,     1525.3, 0.10,        141,  https://doi.org/10.1021/acs.jpcc.7b12124
  C6H6 ,   14,      185,        ,      724.3, 0.13,       7.18,  https://doi.org/10.1088/1361-648X/aac3ff
  C6H6 ,   14,      190,        ,      571.7, 0.13,      13.67,  https://doi.org/10.1088/1361-648X/aac3ff 
  C6H6 ,   14,      195,        ,      365.6, 0.13,      15.75,  https://doi.org/10.1088/1361-648X/aac3ff
  C6H6 ,   14,      185,        ,      724.3, 0.10,      11.19,  https://doi.org/10.1088/1361-648X/aac3ff
  C6H6 ,   14,      190,        ,      571.7, 0.10,      18.13,  https://doi.org/10.1088/1361-648X/aac3ff
  C6H6 ,   14,      195,        ,      365.6, 0.10,      19.16,  https://doi.org/10.1088/1361-648X/aac3ff
 ScH3  ,  225,      135,    0.23,        918, 0.10,          0,  https://doi.org/10.1103/PhysRevB.96.144108
 ScH3  ,  225,      135,    0.23,        918, 0.13,          0,  https://doi.org/10.1103/PhysRevB.96.144108
 ScH4  ,  139,      195,    0.89,       1340, 0.10,         81,  https://doi.org/10.1103/PhysRevB.96.144108
 ScH4  ,  139,      195,    0.89,       1340, 0.13,         67,  https://doi.org/10.1103/PhysRevB.96.144108
 ScH6  ,  194,      145,    0.95,       1110, 0.10,         75,  https://doi.org/10.1103/PhysRevB.96.144108
 ScH6  ,  194,      145,    0.95,       1110, 0.13,         63,  https://doi.org/10.1103/PhysRevB.96.144108
 ScH6  ,  229,      285,    1.33,       1300, 0.10,        147,  https://doi.org/10.1103/PhysRevB.96.144108
 ScH6  ,  229,      285,    1.33,       1300, 0.13,        130,  https://doi.org/10.1103/PhysRevB.96.144108
 ScH6  ,  194,      130,        ,           , 0.10,      122.6,  https://doi.org/10.1103/PhysRevB.96.094513
 ScH6  ,  194,      200,        ,           , 0.10,      103.6,  https://doi.org/10.1103/PhysRevB.96.094513
 ScH6  ,  194,      300,        ,           , 0.10,      65.59,  https://doi.org/10.1103/PhysRevB.96.094513
 ScH4  ,  139,      200,        ,           , 0.10,      104.6,  https://doi.org/10.1103/PhysRevB.96.094513
 ScH4  ,  139,      250,        ,           , 0.10,      90.81,  https://doi.org/10.1103/PhysRevB.96.094513
 ScH4  ,  139,      300,        ,           , 0.10,      90.81,  https://doi.org/10.1103/PhysRevB.96.094513
 ScH8  ,   71,      300,        ,           , 0.10,      117.1,  https://doi.org/10.1103/PhysRevB.96.094513
 ScH8  ,   71,      350,        ,           , 0.10,      119.8,  https://doi.org/10.1103/PhysRevB.96.094513
 ScH8  ,   71,      400,        ,           , 0.10,      150.7,  https://doi.org/10.1103/PhysRevB.96.094513
 ScH6  ,  229,      300,        ,           , 0.10,      123.8,  https://doi.org/10.1103/PhysRevB.96.094513
 ScH6  ,  229,      350,        ,           , 0.10,      120.9,  https://doi.org/10.1103/PhysRevB.96.094513
 ScH6  ,  229,      400,        ,           , 0.10,      120.9,  https://doi.org/10.1103/PhysRevB.96.094513
 ScH6  ,  229,      300,        ,           , 0.10,      100.5,  https://doi.org/10.1103/PhysRevLett.119.107001
 ScH6  ,  229,      300,        ,           , 0.13,      87.94,  https://doi.org/10.1103/PhysRevLett.119.107001
 ScH9  ,  194,      400,        ,           , 0.10,      181.8,  https://doi.org/10.1103/PhysRevLett.119.107001
 ScH9  ,  194,      400,        ,           , 0.13,      167.9,  https://doi.org/10.1103/PhysRevLett.119.107001
  YH6  ,  229,      120,        ,           , 0.10,      264.5,  https://doi.org/10.1103/PhysRevLett.119.107001
  YH6  ,  229,      120,        ,           , 0.13,      250.6,  https://doi.org/10.1103/PhysRevLett.119.107001
  YH9  ,  194,      150,        ,           , 0.10,      267.2,  https://doi.org/10.1103/PhysRevLett.119.107001
  YH9  ,  194,      150,        ,           , 0.13,      253.2,  https://doi.org/10.1103/PhysRevLett.119.107001
  YH10 ,  225,      400,        ,           , 0.10,      310.2,  https://doi.org/10.1103/PhysRevLett.119.107001
  YH10 ,  225,      400,        ,           , 0.13,      287.2,  https://doi.org/10.1103/PhysRevLett.119.107001
 LaH6  ,  167,      100,        ,           , 0.10,      170.8,  https://doi.org/10.1103/PhysRevLett.119.107001
 LaH6  ,  167,      100,        ,           , 0.13,      154.8,  https://doi.org/10.1103/PhysRevLett.119.107001
 LaH9  ,    9,       50,        ,           , 0.10,      27.99,  https://doi.org/10.1103/PhysRevLett.119.107001
 LaH9  ,    9,       50,        ,           , 0.13,      21.01,  https://doi.org/10.1103/PhysRevLett.119.107001
 CeH9  ,  194,      100,        ,           , 0.10,      53.61,  https://doi.org/10.1103/PhysRevLett.119.107001
 CeH9  ,  194,      100,        ,           , 0.13,      47.33,  https://doi.org/10.1103/PhysRevLett.119.107001
 CeH10 ,  225,      200,        ,           , 0.10,      59.75,  https://doi.org/10.1103/PhysRevLett.119.107001
 CeH10 ,  225,      200,        ,           , 0.13,      49.28,  https://doi.org/10.1103/PhysRevLett.119.107001
  YH3  ,   11,      120,   0.676,    601.310, 0.10,         19,  https://doi.org/10.1088/1361-648X/aa787d
  YH3  ,  194,      120,   0.417,   1162.113, 0.10,          6,  https://doi.org/10.1088/1361-648X/aa787d
  YH3  ,   11,      200,   0.534,    569.413, 0.10,          9,  https://doi.org/10.1088/1361-648X/aa787d
  YH3  ,  194,      200,   0.232,    658.749, 0.10,          0,  https://doi.org/10.1088/1361-648X/aa787d
  YH3  ,  139,      200,   0.270,    579.837, 0.10,          0,  https://doi.org/10.1088/1361-648X/aa787d
  YH4  ,  139,      120,   0.980,   1388.606, 0.10,         94,  https://doi.org/10.1088/1361-648X/aa787d
  YH4  ,  139,      200,   0.764,   1289.016, 0.10,         55,  https://doi.org/10.1088/1361-648X/aa787d
 LaH4  ,  139,      300,    0.43,       1624, 0.10,         10,  https://doi.org/10.1073/pnas.1704505114
 LaH4  ,  139,      300,    0.43,       1624, 0.13,          5,  https://doi.org/10.1073/pnas.1704505114
 LaH8  ,   12,      300,    1.12,       1591, 0.10,        131,  https://doi.org/10.1073/pnas.1704505114
 LaH8  ,   12,      300,    1.12,       1591, 0.13,        114,  https://doi.org/10.1073/pnas.1704505114
 LaH10 ,  225,      210,    3.41,        848, 0.10,        238,  https://doi.org/10.1073/pnas.1704505114
 LaH10 ,  225,      210,    3.41,        848, 0.13,        219,  https://doi.org/10.1073/pnas.1704505114
 LaH10 ,  225,      250,    2.29,       1253, 0.10,        232,  https://doi.org/10.1073/pnas.1704505114
 LaH10 ,  225,      250,    2.29,       1253, 0.13,        212,  https://doi.org/10.1073/pnas.1704505114
 LaH10 ,  225,      300,    1.78,       1488, 0.10,        215,  https://doi.org/10.1073/pnas.1704505114
 LaH10 ,  225,      300,    1.78,       1488, 0.13,        196,  https://doi.org/10.1073/pnas.1704505114
  YH10 ,  229,      250,    2.58,       1282, 0.10,        265,  https://doi.org/10.1073/pnas.1704505114
  YH10 ,  229,      250,    2.58,       1282, 0.13,        244,  https://doi.org/10.1073/pnas.1704505114
  YH10 ,  229,      300,    2.06,       1511, 0.10,        255,  https://doi.org/10.1073/pnas.1704505114
  YH10 ,  229,      300,    2.06,       1511, 0.13,        233,  https://doi.org/10.1073/pnas.1704505114

